loc_rowid,kepid,koi_sage
1,9388479,13.7000
2,8359498,1.2000
3,9406990,0.6000
4,9415172,2.4000
5,9415172,2.4000
6,9415172,2.4000
7,9466668,0.4000
8,9466668,0.4000
9,9466668,0.4000
10,9466668,0.4000
11,9479273,0.5000
12,10166274,13.6000
13,10166274,13.6000
14,10153827,0.4000
15,10158990,13.9000
16,5446285,1.6000
17,10149023,0.3000
18,10141900,2.1000
19,10141900,2.1000
20,10141900,2.1000
21,10157458,0.7000
22,10148521,0.9000
23,5481416,13.9000
24,10875245,2.3000
25,5531576,0.9000
26,5531576,0.9000
27,5534814,1.7000
28,5649215,0.4000
29,5651104,13.9000
30,5792202,1.9000
31,5792202,1.9000
32,5792202,1.9000
33,5794379,13.9000
34,9480189,14.0000
35,9941662,0.5800
36,11359879,2.1000
37,9480189,14.0000
38,9480189,14.0000
39,9512687,0.7000
40,9513865,0.6000
41,9595686,13.2000
42,9605514,0.4100
43,9605514,0.4100
44,9661877,0.4000
45,10118816,14.0000
46,10122255,3.6000
47,3124412,1.4000
48,3113266,3.3000
49,4649305,0.6800
50,3247268,2.1000
51,3247268,2.1000
52,3232859,0.8600
53,3098184,
54,2720309,0.6000
55,3239636,0.3600
56,2721030,0.3000
57,11446443,6.5000
58,10666592,1.9800
59,6922244,5.4000
60,5794379,13.9000
61,10875245,2.3000
62,5881688,5.1000
63,6022556,0.5000
64,6032497,5.4000
65,6061119,0.4000
66,6191521,0.9000
67,6267425,14.0000
68,6276477,10.9000
69,6291653,6.6000
70,6392727,0.5000
71,9710326,14.0000
72,9761882,0.5000
73,11974540,1.5900
74,9766437,0.3000
75,9772531,13.9000
76,9775938,13.7000
77,9775938,13.7000
78,9787239,13.9000
79,9787239,13.9000
80,9787239,13.9000
81,9787239,13.9000
82,9787239,13.9000
83,3329204,0.4000
84,3230491,0.5000
85,3340070,0.3000
86,4180280,4.5000
87,3240706,0.3000
88,2853093,0.4000
89,3228824,
90,3245969,1.0000
91,3245969,1.0000
92,3231341,5.2000
93,3231341,5.2000
94,3231341,5.2000
95,6678383,12.9000
96,10265898,2.5000
97,10271806,0.6000
98,10271806,0.6000
99,10271806,0.6000
100,10271806,0.6000
101,10272442,0.4000
102,10272442,0.4000
103,10287242,13.5000
104,10340423,13.8000
105,10340423,13.8000
106,6422070,8.4000
107,10875245,2.3000
108,6428700,14.0000
109,6428700,14.0000
110,6435936,14.0000
111,6522242,1.0000
112,6526710,0.3000
113,6587280,3.5000
114,6587280,3.5000
115,6599919,7.3000
116,6675056,13.8000
117,9820483,0.4000
118,5297298,4.4300
119,9823457,0.4000
120,9823457,0.4000
121,9825625,0.3400
122,9875711,14.0000
123,7661409,2.0000
124,1026957,13.9000
125,10002261,
126,8176650,0.5000
127,8561063,
128,8561063,
129,3231341,5.2000
130,2860866,
131,3964562,0.7000
132,9904059,3.9400
133,2851100,0.9000
134,3130300,0.2000
135,3240158,0.3000
136,3240158,0.3000
137,3228959,0.3000
138,3218908,0.5000
139,3218908,0.5000
140,6678383,12.9000
141,10345478,3.0000
142,10358759,0.3000
143,10358759,0.3000
144,10386984,13.7000
145,10395381,8.9000
146,10418797,0.5000
147,10419211,0.3000
148,10464078,13.9000
149,10480982,0.3000
150,10485250,14.0000
151,6680177,9.2000
152,3531558,2.1000
153,6685526,1.9000
154,6756669,5.0000
155,6784235,0.6000
156,6849310,0.5000
157,6849310,0.5000
158,6849310,0.5000
159,6862328,0.4000
160,6862603,0.3000
161,6863998,13.3000
162,7778437,0.7200
163,8561063,
164,8846163,6.9000
165,10657664,
166,3337351,
167,3233043,12.4000
168,3233043,12.4000
169,6579806,0.3000
170,3560301,1.8000
171,4044005,
172,11502218,0.5140
173,8892910,4.4000
174,11180361,0.5200
175,11013201,0.8600
176,3218908,0.5000
177,3235672,13.9000
178,2837111,0.9000
179,9048161,3.0800
180,3120276,0.4000
181,3109930,1.7000
182,2854914,1.7100
183,2854914,1.7100
184,3337425,9.7000
185,3116412,12.5000
186,10984090,2.4000
187,10526549,13.8000
188,10583066,13.6000
189,10583180,14.0000
190,10601284,0.5000
191,10601284,0.5000
192,10601284,0.5000
193,10662202,11.0000
194,10682541,9.7000
195,10797460,7.7000
196,6867155,13.9000
197,9471974,8.9000
198,6948054,13.4000
199,6948054,13.4000
200,6948054,13.4000
201,6948054,13.4000
202,6949607,14.0000
203,6949607,14.0000
204,7031517,0.4000
205,7109675,4.5000
206,7109675,4.5000
207,7118364,0.4000
208,11013201,0.8600
209,12366681,4.4000
210,9414417,3.1800
211,3632418,3.3500
212,3441784,
213,11192141,12.3000
214,11494130,2.4100
215,5648449,
216,11673674,4.7000
217,12167361,0.8400
218,8607720,3.3000
219,1433962,13.6000
220,11607193,1.2600
221,5735762,9.4000
222,8386035,1.2500
223,8332986,14.0000
224,8415745,
225,8378634,2.8500
226,8397675,2.2700
227,8346392,13.9000
228,8288947,0.8000
229,8312852,0.4000
230,8302450,0.3000
231,8313667,0.4000
232,5735762,9.4000
233,10797460,7.7000
234,10984090,2.4000
235,10811496,0.4000
236,10848459,0.5000
237,10854555,3.9000
238,10872983,0.3000
239,10872983,0.3000
240,10872983,0.3000
241,10910878,1.1000
242,10910878,1.1000
243,9471974,8.9000
244,7134976,12.6000
245,7134976,12.6000
246,7135852,1.2000
247,7270230,0.4000
248,7287995,6.8000
249,7287995,6.8000
250,7287995,6.8000
251,7303253,13.9000
252,7351237,7.7000
253,7366258,4.9000
254,1161345,1.3000
255,10227501,14.0000
256,2854698,8.0000
257,2854698,8.0000
258,7295235,3.0000
259,2302548,2.4000
260,9032900,2.9000
261,2302548,2.4000
262,10743597,3.7000
263,10743597,3.7000
264,10743597,3.7000
265,10015516,0.3700
266,10154388,7.2000
267,2849805,5.7000
268,3114811,2.5400
269,2853446,2.5900
270,3003992,
271,1996679,4.1000
272,3003992,
273,6307537,
274,6359798,3.1000
275,6311681,7.0000
276,6365321,0.6000
277,6301035,3.8000
278,6292162,
279,6307521,0.6000
280,10910878,1.1000
281,10987985,13.7000
282,2306756,8.8000
283,11018648,1.8000
284,11018648,1.8000
285,11138155,0.3000
286,11152159,10.2000
287,11153539,0.3000
288,11242721,4.1000
289,11304958,13.8000
290,11391957,0.5000
291,5812701,2.1200
292,11869052,14.0000
293,7366258,4.9000
294,7366258,4.9000
295,7366258,4.9000
296,7373451,0.7000
297,7373451,0.7000
298,7377033,5.4000
299,7380537,0.9000
300,7434875,0.8000
301,7434875,0.8000
302,1432789,0.4000
303,1718189,0.4000
304,1718189,0.4000
305,1431122,10.4000
306,9818381,0.6900
307,3858949,0.6000
308,3858824,0.9000
309,2157247,2.2000
310,1432214,0.4000
311,2165002,7.9000
312,2165002,7.9000
313,6359320,
314,6359320,
315,5735762,9.4000
316,6359320,
317,6362874,3.9000
318,6272413,13.6000
319,8279765,3.6000
320,8435247,
321,8330548,1.2000
322,8374494,
323,8414907,13.9000
324,8414907,13.9000
325,8397446,
326,11403044,1.1000
327,11414511,9.6000
328,6721123,3.0500
329,11442465,0.8000
330,11460018,0.5000
331,11463211,0.4000
332,11465813,6.1000
333,11493732,3.1000
334,11507101,0.4000
335,11656840,1.1000
336,11754553,13.8000
337,7434875,0.8000
338,3247396,2.8000
339,7436215,0.8000
340,7455287,13.8000
341,7455287,13.8000
342,7455287,13.8000
343,7458762,1.9000
344,7552344,14.0000
345,757450,12.9000
346,7585481,0.3000
347,7663691,0.3000
348,7678434,6.2000
349,2441728,0.3000
350,1871056,3.1700
351,1871056,3.1700
352,1865042,7.5000
353,7601633,2.9400
354,2438502,13.8000
355,2309585,
356,5780460,13.8000
357,5738346,
358,1725016,
359,1722276,14.0000
360,892772,
361,1027438,2.8700
362,8351704,13.4000
363,8299955,4.2000
364,8410727,2.7300
365,8410727,2.7300
366,8349405,4.2000
367,8278371,7.0000
368,8280511,7.1000
369,8280511,7.1000
370,8280511,7.1000
371,10287248,
372,3835670,7.7000
373,11754553,13.8000
374,11754553,13.8000
375,9579641,3.1700
376,11812062,0.5000
377,11818800,8.6000
378,11853255,13.9000
379,11909839,7.2000
380,11918099,1.8000
381,11918099,1.8000
382,11923270,13.8000
383,11960862,4.1000
384,8349582,4.6000
385,7678434,6.2000
386,7685981,2.4000
387,7708215,1.9000
388,7767559,11.8000
389,7825899,5.2000
390,7825899,5.2000
391,7849854,4.0000
392,7870390,6.1000
393,7870390,6.1000
394,5728283,0.3000
395,8127639,
396,8644288,8.5000
397,6047498,0.5000
398,8125580,12.9000
399,8158127,
400,8158127,
401,8176653,0.8000
402,8174625,12.3000
403,8183911,11.6000
404,8179973,4.3300
405,2309719,6.0000
406,12020329,0.6000
407,12066335,13.8000
408,9579641,3.1700
409,12066335,13.8000
410,12070811,0.4000
411,12110942,0.3000
412,12366084,1.4000
413,12366084,1.4000
414,12404086,4.0000
415,12459725,0.4000
416,12470844,0.6000
417,7870390,6.1000
418,5094751,7.2900
419,7907423,13.9000
420,7907423,13.9000
421,7907423,13.9000
422,7938496,7.4000
423,8013419,8.2000
424,8018547,14.0000
425,8039892,0.4000
426,8150320,14.0000
427,2558363,0.8000
428,7684873,0.8900
429,8644288,8.5000
430,2716853,2.3000
431,2445154,13.0000
432,2715135,13.6000
433,2574201,13.9000
434,1996399,13.9000
435,2697169,
436,2166206,6.6000
437,2164169,2.0000
438,2574338,0.2000
439,12470844,0.6000
440,12644822,2.0000
441,9579641,3.1700
442,2440757,
443,2445129,6.1000
444,2713049,1.5000
445,3114167,0.4000
446,3114661,0.6000
447,3115833,0.3000
448,3120431,9.2000
449,3246984,8.1000
450,3342970,0.3000
451,8150320,14.0000
452,8150320,14.0000
453,5094751,7.2900
454,8150320,14.0000
455,8150320,14.0000
456,8180063,0.3000
457,8226994,13.2000
458,8226994,13.2000
459,8226994,13.2000
460,8247638,7.9000
461,8247638,7.9000
462,2584163,3.2000
463,8644288,8.5000
464,2162635,5.7000
465,5899544,
466,5963222,1.6500
467,5982353,4.0100
468,6205468,0.3000
469,6153201,
470,5802486,2.4000
471,5817553,0.3000
472,5982368,
473,5816811,0.5000
474,8506766,1.6500
475,3342970,0.3000
476,8395660,5.2000
477,3351888,11.3000
478,3453214,0.4000
479,3554600,0.4000
480,3641726,9.7000
481,3734868,12.0000
482,3832474,4.8000
483,3832474,4.8000
484,3832474,4.8000
485,3836375,0.5000
486,3838486,13.8000
487,8247638,7.9000
488,8247638,7.9000
489,11086270,7.2000
490,8255887,13.9000
491,8256049,13.9000
492,8414716,0.7000
493,8490993,0.4000
494,8490993,0.4000
495,8505670,13.9000
496,8505670,13.9000
497,8544996,0.5000
498,5816165,
499,5802246,6.8000
500,6066403,4.9000
501,6209637,
502,5988031,0.3000
503,5820218,13.9000
504,5876368,0.4000
505,5809890,14.0000
506,5809890,14.0000
507,6131236,0.3000
508,8559644,2.3000
509,5956342,0.2800
510,11913073,0.6000
511,8395660,5.2000
512,3935914,2.0000
513,3940418,12.8000
514,4049131,13.9000
515,4139816,13.9000
516,4139816,13.9000
517,4139816,13.9000
518,4139816,13.9000
519,4275191,0.6000
520,4476123,0.6000
521,8552202,0.4000
522,8605074,3.7000
523,11086270,7.2000
524,8628973,9.1000
525,8655354,1.5000
526,8672910,4.4000
527,8672910,4.4000
528,8686150,0.3000
529,8689031,0.5000
530,8689373,0.7000
531,8689373,0.7000
532,5956342,0.2800
533,5956342,0.2800
534,5956342,0.2800
535,5956656,1.0000
536,6032981,0.4085
537,5866099,13.8000
538,5964985,1.4600
539,6066416,2.0100
540,6124941,
541,8559644,2.3000
542,6060203,0.5000
543,5880320,0.4600
544,4544670,8.4000
545,8395660,5.2000
546,4664847,3.5000
547,4725681,13.7000
548,4725681,13.7000
549,4913852,13.9000
550,4932348,0.5000
551,4936180,0.2400
552,5021899,12.2000
553,5077629,0.4000
554,5115978,0.9000
555,8689373,0.7000
556,8826878,12.1000
557,11449844,3.3000
558,8883593,0.4000
559,8951215,0.3000
560,9016295,0.4000
561,9077124,0.4000
562,9097120,0.3000
563,9140402,2.1000
564,9141746,3.2000
565,9159275,0.4000
566,5880320,0.4600
567,5880320,0.4600
568,5880320,0.4600
569,6037187,4.1000
570,6147122,1.0500
571,8257407,3.3000
572,8218274,
573,8242681,0.3000
574,5130369,0.3370
575,8260218,
576,8246781,1.5000
577,8264070,
578,8222813,
579,5164255,14.0000
580,8395660,5.2000
581,5252423,13.8000
582,5252423,13.8000
583,5272878,0.4000
584,5283542,0.4000
585,5287983,0.4000
586,5358241,0.3000
587,5358241,0.3000
588,5358241,0.3000
589,5358624,0.9000
590,9166862,0.4000
591,9166870,0.3000
592,5897826,4.8000
593,9171801,
594,9334289,0.3000
595,9334289,0.3000
596,9334289,0.3000
597,9347899,0.2800
598,9347899,0.2800
599,9347899,0.2800
600,9347899,0.2800
601,9388479,13.7000
602,8222813,
603,8240904,
604,8240904,
605,8240904,
606,8244190,1.2000
607,8229696,2.6000
608,12105051,2.2000
609,8262210,
610,10272640,
611,10232123,
612,10223616,13.7000
613,10268907,
614,10166274,13.6000
615,5370302,0.4000
616,10875245,2.3000
617,5372966,3.4000
618,5376067,0.3000
619,5436502,0.5000
620,5436502,0.5000
621,5436502,0.5000
622,5436502,0.5000
623,5436502,0.5000
624,5456651,0.8000
625,5456651,0.8000
626,12365184,1.9000
627,4770365,13.9000
628,4770365,13.9000
629,4770365,13.9000
630,12406749,7.2000
631,7811397,0.5000
632,12403119,9.4000
633,9842890,
634,7512982,0.7000
635,11402995,9.1000
636,5438757,0.4000
637,5438757,0.4000
638,4860678,0.4000
639,5177104,0.2000
640,10033279,8.0000
641,5009189,7.5000
642,5357901,1.1000
643,9886661,1.6000
644,5477805,5.4000
645,10055126,1.9500
646,10055126,1.9500
647,3660924,9.0000
648,3939150,5.0000
649,3939150,5.0000
650,3839488,4.5000
651,3542588,0.4500
652,3442055,6.9000
653,3440861,13.6000
654,12252424,7.2000
655,4043190,9.9000
656,3640905,9.5000
657,6631721,2.5500
658,6866228,0.6000
659,6847018,0.3200
660,7220322,
661,6964043,
662,6956233,
663,7303287,4.7000
664,7303287,4.7000
665,6891543,7.9000
666,7211141,0.5000
667,7363829,5.2000
668,5084942,8.1000
669,6719086,
670,7512982,0.7000
671,9597806,
672,7812167,
673,11909686,0.4000
674,11760959,
675,9692345,13.7000
676,7898352,0.5000
677,7898352,0.5000
678,12062667,1.8700
679,9589323,13.8000
680,10810838,6.8000
681,9823487,6.2000
682,5009743,0.4100
683,5474733,3.0000
684,12644769,3.8000
685,10963065,6.0000
686,6268648,
687,10514429,8.7000
688,11391018,13.8000
689,4278221,1.7000
690,9015738,1.2200
691,6387969,3.1300
692,7215603,2.6500
693,4276716,9.1000
694,6468337,
695,5561278,4.9400
696,3640905,9.5000
697,4060815,4.1000
698,6613006,0.4000
699,6606653,0.3900
700,6620003,13.9000
701,6621116,13.5000
702,6629332,0.4000
703,6387450,13.8000
704,12252424,7.2000
705,6432059,0.5000
706,6470149,2.6400
707,6462874,13.9000
708,7376983,
709,7376983,
710,7376983,
711,7376983,
712,6946199,
713,6946199,
714,7102227,1.1000
715,7102227,1.1000
716,7102227,1.1000
717,8107380,5.4000
718,6960913,14.0000
719,6837146,
720,9602514,14.0000
721,9726659,
722,12108312,0.5000
723,9842906,
724,11821363,
725,7629518,2.0000
726,4828341,
727,11774387,3.0000
728,9636135,0.3000
729,8323753,5.7000
730,9636135,0.3000
731,7841925,13.8000
732,7287683,1.1400
733,11392618,2.7000
734,6233890,1.4900
735,5771719,14.0000
736,6312314,6.4000
737,6387542,
738,6543893,
739,6543893,
740,6975129,0.8200
741,8685497,2.9000
742,9017682,0.8000
743,9084778,13.9000
744,9277896,2.3800
745,9401997,0.6000
746,6665223,13.9000
747,6545358,0.2900
748,6390824,0.4000
749,6546528,0.4000
750,6677841,0.2200
751,6677841,0.2200
752,6677841,0.2200
753,9970525,1.3900
754,6531491,
755,6383821,4.7000
756,6607286,
757,6607286,
758,6936909,0.3000
759,6936909,0.3000
760,6962977,10.9000
761,6962977,10.9000
762,6962977,10.9000
763,6962977,10.9000
764,6962977,10.9000
765,7174351,0.6000
766,6851425,13.8000
767,6932987,0.5000
768,6932987,0.5000
769,6934291,2.6000
770,7841925,13.8000
771,7841925,13.8000
772,9719634,13.7000
773,7439316,13.8000
774,12061238,1.0000
775,12400538,0.4000
776,9641018,1.8000
777,9813499,0.6000
778,10748390,9.0000
779,11804465,4.0100
780,6442377,0.2900
781,5972334,3.4000
782,10357040,0.3000
783,10487119,0.5000
784,10621666,0.3000
785,10686864,
786,10747439,0.3000
787,10749128,0.2500
788,10749128,0.2500
789,10813841,
790,10879038,0.5000
791,10879656,13.9000
792,5972334,3.4000
793,10990917,3.0000
794,11043136,
795,6690082,0.9000
796,6690082,0.9000
797,6448890,4.3800
798,6448890,4.3800
799,6607447,0.2300
800,6677256,
801,8030148,10.5000
802,6692833,0.3000
803,6693640,0.5500
804,6441738,0.9000
805,8801343,2.6300
806,7357531,9.8000
807,7287415,2.1000
808,6924203,0.4000
809,6878167,2.2000
810,6880531,0.3000
811,6863839,0.6000
812,7296086,13.9000
813,5652237,4.7000
814,6766634,
815,6774826,
816,7211469,1.4900
817,7375795,
818,7375795,
819,12254792,0.4000
820,12020218,0.4000
821,7690844,0.4000
822,9535080,3.6700
823,11870545,1.0000
824,7901948,0.6000
825,11955499,0.7000
826,9784222,0.3000
827,9520668,13.5000
828,7871954,13.9000
829,6803202,6.6000
830,11045383,13.3000
831,11046025,13.8000
832,11153121,7.4000
833,11153121,7.4000
834,11153121,7.4000
835,11177543,0.6000
836,11337141,13.9000
837,11337372,
838,5972334,3.4000
839,11337833,0.3000
840,11391667,13.4000
841,11392017,5.0900
842,11546211,14.0000
843,11547505,4.7000
844,8488878,
845,8560285,
846,8620565,1.6000
847,8616873,0.6000
848,8737796,1.6000
849,8462258,
850,10925104,8.3000
851,8454250,
852,8494263,
853,8848271,8.4000
854,8751933,13.9000
855,8630788,0.6000
856,8630788,0.6000
857,7211221,0.4000
858,7025526,13.8000
859,9451127,0.5000
860,9446824,2.9000
861,8953257,1.5900
862,9527915,10.7000
863,8971432,12.3000
864,9278553,0.3000
865,9143254,3.3000
866,8949247,3.5000
867,9346253,0.3000
868,9002237,0.4000
869,7871954,13.9000
870,12418724,0.4000
871,7456001,2.9000
872,7549209,0.4000
873,7663405,
874,9765975,9.6000
875,9818462,14.0000
876,12266636,7.0000
877,9850893,13.8000
878,4826110,13.4000
879,11455491,0.2600
880,5527172,
881,10799735,0.4000
882,5529643,0.2000
883,5530882,0.5000
884,5531953,13.8000
885,5618071,
886,6034945,5.0000
887,6048024,0.2500
888,6049190,0.2400
889,6149553,13.9000
890,6198999,13.8000
891,6310636,3.0000
892,10904857,0.3000
893,8630788,0.6000
894,8823426,13.9000
895,8766222,
896,8678594,0.5000
897,10925104,8.3000
898,8678594,0.5000
899,8703884,
900,8560840,1.0000
901,8612847,1.1000
902,8552583,0.4000
903,8547140,13.9000
904,8519253,0.3000
905,9288786,14.0000
906,8958035,0.3000
907,9040849,
908,9202151,
909,2441495,14.0000
910,8937021,13.5000
911,8935810,0.7000
912,9455556,0.6000
913,9455556,0.6000
914,9427402,
915,9269281,
916,9100484,
917,7869917,1.4100
918,9824805,0.3000
919,7768451,13.2000
920,7691260,0.6000
921,9821454,0.2600
922,9821454,0.2600
923,11954842,1.4800
924,11764462,3.6000
925,11656246,2.5800
926,7808587,0.7600
927,4471747,2.9000
928,4474645,0.5000
929,4570949,0.6200
930,4650733,0.2800
931,4830605,0.3000
932,5972334,3.4000
933,4832197,3.6500
934,4844004,0.6000
935,4927315,0.4000
936,4928119,
937,4932442,0.3000
938,4932442,0.3000
939,5008501,0.3400
940,5015913,3.1100
941,8813698,1.0900
942,8757910,0.2900
943,8564587,0.6000
944,10874614,1.3000
945,10925104,8.3000
946,8564587,0.6000
947,8631160,2.2300
948,8552498,2.4400
949,8806072,0.4000
950,8800954,9.3000
951,8583696,9.0000
952,8804283,0.4000
953,9157908,1.6400
954,9030447,0.7300
955,9034103,0.3000
956,11666881,0.2600
957,9214942,13.6000
958,8874090,1.6000
959,9264949,0.3000
960,9271752,0.3000
961,9007866,0.7000
962,9150827,13.9000
963,9150827,13.9000
964,9663113,3.0000
965,4741126,0.8500
966,4741126,0.8500
967,11669125,3.7000
968,12159249,3.2000
969,9872292,
970,9963461,
971,8081482,10.1000
972,5649956,3.8000
973,4840513,0.2700
974,8113154,0.3000
975,5103942,0.3000
976,5183357,0.5000
977,9631995,1.5000
978,7950644,0.8000
979,5184709,0.2000
980,5195172,5.4000
981,5269467,13.9000
982,5271608,
983,5357470,3.8000
984,5360920,0.4000
985,5443775,4.4000
986,5526717,0.4000
987,5526717,0.4000
988,8804283,0.4000
989,8552565,0.3000
990,8609450,0.4000
991,6541920,7.2000
992,8609450,0.4000
993,8609450,0.4000
994,8609450,0.4000
995,8628758,0.3000
996,8628758,0.3000
997,8509361,5.9000
998,8742590,0.5000
999,9391208,6.1000
1000,9391506,0.5000
1001,9425139,2.4000
1002,11512246,4.9000
1003,8950853,2.0000
1004,9006449,8.8000
1005,9006449,8.8000
1006,9006449,8.8000
1007,8916492,
1008,11193447,
1009,11517719,3.4000
1010,9663113,3.0000
1011,5270698,0.4000
1012,5024450,
1013,5282049,
1014,5475431,0.5000
1015,5283458,
1016,9940565,11.0000
1017,8053552,10.9000
1018,8111381,0.4000
1019,5444549,
1020,7984047,
1021,9573539,2.1000
1022,6312534,14.0000
1023,6470917,1.4000
1024,6611330,
1025,6616218,1.9000
1026,6616218,1.9000
1027,6696462,3.8000
1028,6699368,3.2000
1029,6803855,5.4000
1030,6891366,3.7000
1031,6891637,13.9000
1032,11502867,2.7000
1033,6975615,13.9000
1034,7137725,2.7600
1035,7220429,13.9000
1036,8822366,6.3000
1037,8700771,10.5000
1038,10960993,
1039,6541920,7.2000
1040,10599397,
1041,10879208,0.5000
1042,10843203,
1043,10790387,1.0600
1044,10748393,
1045,10874226,0.4000
1046,10661771,3.8000
1047,10924853,0.4000
1048,11599264,
1049,11100657,
1050,11125936,1.2000
1051,11512246,4.9000
1052,11026304,
1053,11342550,4.7000
1054,11497958,13.9000
1055,11497958,13.9000
1056,11497958,13.9000
1057,11497958,13.9000
1058,11497958,13.9000
1059,7951018,0.3000
1060,9899355,
1061,12644774,
1062,9902856,0.8000
1063,5371776,14.0000
1064,5371776,14.0000
1065,5371776,14.0000
1066,5371776,14.0000
1067,10019763,
1068,9899280,13.9000
1069,12504988,0.9000
1070,8046659,10.9000
1071,10351767,0.4500
1072,10295951,1.5100
1073,10342041,4.2000
1074,10514770,12.9000
1075,10342065,1.6000
1076,10352945,
1077,10354039,13.7000
1078,10330115,0.7000
1079,10426656,13.9000
1080,10426656,13.9000
1081,7626506,9.4000
1082,10426656,13.9000
1083,10874926,0.5000
1084,10549562,0.2300
1085,6541920,7.2000
1086,10666230,0.4000
1087,10971674,9.2000
1088,10676923,0.9100
1089,10604335,14.0000
1090,10604335,14.0000
1091,10864656,3.8700
1092,10975146,13.9000
1093,10538176,0.5000
1094,10538176,0.5000
1095,11177707,0.5000
1096,11611600,1.0000
1097,11254382,0.4000
1098,7255336,4.4000
1099,11512246,4.9000
1100,11122894,1.9000
1101,11122894,1.9000
1102,11122894,1.9000
1103,11129738,14.0000
1104,11401182,13.9000
1105,11030711,0.5000
1106,4940438,1.9000
1107,5308663,
1108,5219234,
1109,5219234,
1110,5219234,
1111,5219234,
1112,5184584,0.4000
1113,5636648,0.4000
1114,5564247,
1115,5376836,0.6000
1116,5438099,
1117,5438099,
1118,5438099,
1119,5438099,
1120,10528068,4.8000
1121,10468940,5.1000
1122,10468940,5.1000
1123,10341831,13.9000
1124,10337517,9.7000
1125,10337517,9.7000
1126,10351231,0.3000
1127,10485179,0.6000
1128,10460629,3.0000
1129,7626506,9.4000
1130,10724369,0.4000
1131,6541920,7.2000
1132,10867062,14.0000
1133,10744335,0.3000
1134,10730034,0.6000
1135,10730034,0.6000
1136,10858691,0.5000
1137,10858691,0.5000
1138,10858691,0.5000
1139,10858691,0.5000
1140,11176127,14.0000
1141,11176127,14.0000
1142,11176127,14.0000
1143,11075279,2.1000
1144,6185711,0.5000
1145,11014932,0.4000
1146,11014932,0.4000
1147,11014932,0.4000
1148,11014932,0.4000
1149,11288505,0.4000
1150,11493431,13.9000
1151,11037335,0.3000
1152,5210475,
1153,8009350,13.7000
1154,8082001,
1155,5557821,
1156,10004519,
1157,5031857,0.3000
1158,9651668,0.3000
1159,5031857,0.3000
1160,10028792,0.5000
1161,10028792,0.5000
1162,10028792,0.5000
1163,10319385,1.6000
1164,10482160,0.4000
1165,10485069,0.3000
1166,10341913,3.5000
1167,10480921,1.0300
1168,10287723,14.0000
1169,10350571,8.8000
1170,10350571,8.8000
1171,3749365,5.3000
1172,3547091,0.4000
1173,2307199,1.1700
1174,10973814,7.6000
1175,10973814,7.6000
1176,6541920,7.2000
1177,10586208,1.0000
1178,10854768,0.7900
1179,10964440,0.5000
1180,10713616,4.7000
1181,10963242,0.2500
1182,10963242,0.2500
1183,10785538,2.5000
1184,10585852,4.2600
1185,11037335,0.3000
1186,11389771,2.4000
1187,11389771,2.4000
1188,11044770,0.9900
1189,11389771,2.4000
1190,11599038,1.9000
1191,11193263,4.9000
1192,11027624,4.4600
1193,11032227,0.3000
1194,11356260,6.4000
1195,11600889,4.6000
1196,11197126,8.6000
1197,5553652,0.8000
1198,5299459,13.5000
1199,5299459,13.5000
1200,5299459,13.5000
1201,12506770,14.0000
1202,5629985,2.2000
1203,7972785,0.4800
1204,9898364,1.2700
1205,5193400,0.4000
1206,7939330,2.3000
1207,7939330,2.3000
1208,4918309,0.5000
1209,3869825,0.5700
1210,3655332,6.2000
1211,4042026,13.9000
1212,3344419,14.0000
1213,3865567,0.3000
1214,3544689,0.4000
1215,4037164,
1216,3443790,2.6700
1217,3966912,5.7000
1218,3848972,0.5000
1219,9110357,0.7100
1220,8394721,0.2300
1221,3860441,0.5000
1222,10928043,1.6000
1223,10794087,5.1000
1224,6541920,7.2000
1225,10794087,5.1000
1226,4275739,
1227,4070376,0.8000
1228,4078157,
1229,4164994,
1230,4480676,13.4000
1231,4079535,
1232,4076098,
1233,4551328,13.7000
1234,11043167,3.3700
1235,11336883,1.8000
1236,7831264,0.3400
1237,11336883,1.8000
1238,11336883,1.8000
1239,12506351,1.9000
1240,7622486,
1241,7622486,
1242,9705459,10.2000
1243,7802136,2.4000
1244,7532973,3.7700
1245,9632895,0.4000
1246,12602568,0.6000
1247,9941066,13.9000
1248,5470739,0.4000
1249,10022908,1.7000
1250,9932970,11.9000
1251,10125352,3.2600
1252,4178389,0.4000
1253,5617854,13.9000
1254,5301750,4.0000
1255,5301750,4.0000
1256,5301750,4.0000
1257,3765771,0.4400
1258,3557341,0.5000
1259,3859628,
1260,3644071,13.6000
1261,3942446,9.2000
1262,3554031,
1263,3554031,
1264,3554031,
1265,3644523,
1266,8394721,0.2300
1267,3348082,3.5000
1268,3853673,0.3000
1269,3447722,0.3100
1270,4282872,0.4000
1271,10555375,4.4000
1272,4639868,3.6000
1273,4372768,
1274,4074736,0.5000
1275,4072526,2.3000
1276,4150539,13.9000
1277,4274548,
1278,4455231,
1279,4455231,
1280,4455231,
1281,4285107,0.6000
1282,7449844,1.5700
1283,7831264,0.3400
1284,7842610,9.6000
1285,7830637,0.3000
1286,4760746,
1287,7832356,
1288,9643874,
1289,12120943,
1290,9761199,14.0000
1291,7751571,
1292,9579499,1.4000
1293,11913013,
1294,8692861,0.4000
1295,5301750,4.0000
1296,5301750,4.0000
1297,5542466,13.7000
1298,5542466,13.7000
1299,5542466,13.7000
1300,10028140,0.7000
1301,12019440,0.3000
1302,5217586,12.3000
1303,5289854,0.5000
1304,5289854,0.5000
1305,9895709,0.3000
1306,3447722,0.3100
1307,3447722,0.3100
1308,3447722,0.3100
1309,3859079,4.2000
1310,3557493,0.2700
1311,4061149,13.4000
1312,3444588,3.5000
1313,8394721,0.2300
1314,3962243,0.4000
1315,3962243,0.4000
1316,3962243,0.4000
1317,8972058,5.5000
1318,4150624,4.5000
1319,4155328,4.8000
1320,4077526,4.0000
1321,4077526,4.0000
1322,4077526,4.0000
1323,4077526,4.0000
1324,4243911,11.0000
1325,4466677,5.9000
1326,4466677,5.9000
1327,4466677,5.9000
1328,7672940,
1329,7838655,
1330,11702948,0.4000
1331,9512981,14.0000
1332,7770450,
1333,9851226,4.0000
1334,7543649,
1335,9480310,
1336,11858748,0.5000
1337,7761545,0.5000
1338,8692861,0.4000
1339,7499398,
1340,10006581,0.6000
1341,10027323,14.0000
1342,10027323,14.0000
1343,5039228,0.7400
1344,10004738,1.9000
1345,10004738,1.9000
1346,7023960,0.4000
1347,10004738,1.9000
1348,5474613,4.7000
1349,5474613,4.7000
1350,4860932,0.5000
1351,3438507,0.2600
1352,3869014,0.2000
1353,3756801,10.4000
1354,3732821,13.6000
1355,3962440,0.3900
1356,3534076,0.4000
1357,3962357,0.2000
1358,8394721,0.2300
1359,3858704,0.3600
1360,3749134,4.1000
1361,3556220,0.3000
1362,8972058,5.5000
1363,4135665,13.5000
1364,4386059,
1365,4650674,2.5000
1366,4275721,1.3500
1367,4275721,1.3500
1368,4570931,3.1400
1369,4136466,0.3000
1370,7284688,
1371,7199774,0.5000
1372,7037540,
1373,8191672,2.6000
1374,8491277,6.5000
1375,10854546,3.7000
1376,8165946,0.4000
1377,12017109,0.4000
1378,9225395,0.4000
1379,10709622,4.4000
1380,11499228,0.4300
1381,11460462,2.3200
1382,8612275,3.4000
1383,8612275,3.4000
1384,10470616,
1385,8107225,1.1000
1386,7207061,
1387,7207061,
1388,3342794,1.9100
1389,3342794,1.9100
1390,3661886,0.3000
1391,3661886,0.3000
1392,2439243,
1393,9221517,12.4000
1394,6751874,0.4000
1395,10206675,13.8000
1396,3851130,13.9000
1397,11295426,6.3700
1398,9945370,0.4000
1399,8973129,0.4000
1400,9718066,13.9000
1401,3440978,13.6000
1402,9366989,12.2000
1403,3128793,13.7000
1404,5864975,0.4000
1405,2975770,
1406,5565497,0.7600
1407,6504954,3.5000
1408,4144231,
1409,8552719,1.9000
1410,5731623,
1411,9305831,10.2000
1412,6153672,0.4000
1413,9674608,13.9000
1414,10019399,
1415,10676014,14.0000
1416,11656918,5.3000
1417,11656918,5.3000
1418,10844890,
1419,12253474,1.9000
1420,9536692,13.7000
1421,3122985,8.8000
1422,3118797,
1423,8081187,0.4300
1424,7747425,3.6000
1425,3937519,0.6000
1426,7747425,3.6000
1427,7747425,3.6000
1428,7747425,3.6000
1429,8652999,8.2000
1430,6921944,13.9000
1431,9532052,
1432,8164012,0.4000
1433,4140813,5.8000
1434,10362031,
1435,4055304,13.9000
1436,4857213,13.8000
1437,9415108,0.5000
1438,8453211,13.8000
1439,4262581,1.8000
1440,8591693,0.4000
1441,11462341,13.8000
1442,9405595,0.4000
1443,3546060,
1444,3867615,2.2400
1445,12121570,0.7000
1446,8410415,0.4000
1447,7257363,0.7000
1448,8321314,13.6000
1449,6934986,1.4000
1450,11852982,13.8000
1451,4049901,12.0000
1452,11498128,4.1000
1453,5342473,5.4000
1454,9334893,13.7000
1455,9963265,0.4000
1456,10583761,13.9000
1457,11922722,13.7000
1458,6867766,0.3000
1459,6058614,0.3000
1460,11017901,9.7000
1461,5088591,13.3000
1462,11298298,0.5000
1463,4349442,13.9000
1464,7046804,8.8000
1465,11187436,13.5000
1466,4644952,10.8000
1467,4644952,10.8000
1468,4644952,10.8000
1469,9529744,0.3400
1470,10614012,1.0300
1471,7761918,2.6700
1472,9468717,2.6000
1473,9892816,0.2400
1474,9892816,0.2400
1475,5730389,4.4000
1476,10028352,2.5900
1477,9836149,0.4000
1478,4249725,4.6000
1479,4813563,13.9000
1480,6949061,2.9000
1481,7269493,9.8000
1482,7269493,9.8000
1483,5513648,6.4000
1484,10917681,0.5000
1485,7887791,8.7000
1486,6373680,0.3000
1487,7019489,
1488,9351920,0.3000
1489,2161536,13.9000
1490,10549023,0.2200
1491,8041216,0.9000
1492,9661979,3.3000
1493,8219268,2.6600
1494,4254466,8.1000
1495,9904006,2.9500
1496,5288570,
1497,9364609,13.9000
1498,5022828,0.4580
1499,8175131,
1500,7542813,1.1000
1501,4458082,
1502,8042453,0.4000
1503,5364071,13.9000
1504,10874215,0.4000
1505,6666233,13.8000
1506,7661065,3.4000
1507,3749978,3.5000
1508,10010440,0.5000
1509,11718144,0.4000
1510,4247991,1.4000
1511,4247991,1.4000
1512,10026544,5.0000
1513,10132832,0.3000
1514,8240797,
1515,8240797,
1516,8164262,1.1500
1517,5728139,5.5000
1518,3966262,0.5000
1519,6279974,1.2900
1520,9455325,13.9000
1521,5621125,0.5100
1522,9872283,14.0000
1523,8624520,9.6000
1524,7918172,13.8000
1525,7870032,10.9000
1526,9597058,0.5000
1527,8277797,14.0000
1528,11657891,0.4000
1529,9973855,
1530,6205897,13.9000
1531,4249725,4.6000
1532,7948784,0.3000
1533,9244756,0.6000
1534,9650808,6.6000
1535,9650808,6.6000
1536,9347009,1.0000
1537,11253711,0.6000
1538,4917596,13.9000
1539,7289577,0.6000
1540,8543100,0.6000
1541,2693736,8.0000
1542,8233702,0.5000
1543,3764879,0.3000
1544,7219825,0.4800
1545,12121470,0.3600
1546,11403339,0.6000
1547,8260902,13.9000
1548,8381204,2.4000
1549,6774537,13.7000
1550,10404582,0.4000
1551,6021193,7.7000
1552,6021193,7.7000
1553,6021193,7.7000
1554,10617017,3.7100
1555,7219825,0.4800
1556,5364071,13.9000
1557,3219995,0.4000
1558,6062929,0.8000
1559,7504778,1.5000
1560,10684670,8.9000
1561,11495458,13.7000
1562,9003401,1.8800
1563,10481045,0.4000
1564,5978559,0.3300
1565,8107034,0.2700
1566,8872048,13.9000
1567,5364071,13.9000
1568,7746958,
1569,7120108,14.0000
1570,3762468,0.3000
1571,8277797,14.0000
1572,8832512,13.2000
1573,5124667,4.1900
1574,10092312,0.4000
1575,2989404,3.9600
1576,2989404,3.9600
1577,5375194,12.9000
1578,6468138,0.3000
1579,10031707,
1580,11875734,13.5000
1581,10723750,0.6800
1582,7697568,8.1000
1583,4545187,0.5000
1584,9412760,13.9000
1585,9412760,13.9000
1586,9518318,1.7000
1587,9518318,1.7000
1588,7273277,4.9000
1589,11769890,0.8000
1590,10153855,13.7000
1591,6862721,0.9000
1592,12691412,
1593,10094670,0.3000
1594,4545187,0.5000
1595,8142942,14.0000
1596,8257205,14.0000
1597,3229150,0.4000
1598,7989422,6.7000
1599,9641481,0.5000
1600,10253547,0.6300
1601,10253547,0.6300
1602,12505076,0.5000
1603,12116380,3.7000
1604,2556650,13.4000
1605,3327993,0.4000
1606,5211199,14.0000
1607,6383785,0.3000
1608,8804455,0.4000
1609,8804455,0.4000
1610,5546761,0.4000
1611,8099138,0.6000
1612,7033233,14.0000
1613,7033233,14.0000
1614,8681734,10.6000
1615,10232693,
1616,9390653,13.9000
1617,10212441,4.3000
1618,6119141,9.0000
1619,8247771,13.3000
1620,5629538,2.5000
1621,8561231,0.6000
1622,8235924,14.0000
1623,6941084,3.8000
1624,7967861,0.4000
1625,3326377,13.9000
1626,11601584,0.8000
1627,11601584,0.8000
1628,11601584,0.8000
1629,11601584,0.8000
1630,11709244,8.2000
1631,11709244,8.2000
1632,11709244,8.2000
1633,11853878,13.9000
1634,10723750,0.6800
1635,5802478,0.4400
1636,9471268,14.0000
1637,9471268,14.0000
1638,9471268,14.0000
1639,2021440,0.7000
1640,9044228,13.7000
1641,10779233,9.9000
1642,11614617,0.3000
1643,5306720,
1644,11450414,0.3000
1645,9042357,3.4000
1646,3328026,2.0000
1647,5547480,0.5000
1648,5942093,
1649,4736569,
1650,10384798,0.4000
1651,9834040,0.3000
1652,10616415,8.7000
1653,5546761,0.4000
1654,5467124,0.4000
1655,9205938,0.3000
1656,11358389,4.0000
1657,7204981,0.5000
1658,7906739,1.1000
1659,4370527,0.9000
1660,6383785,0.3000
1661,6041734,
1662,6041734,
1663,11308499,0.3000
1664,11308499,0.3000
1665,9006186,13.8000
1666,9006186,13.8000
1667,5725087,
1668,9757613,5.2000
1669,7515670,0.3000
1670,11566256,0.3000
1671,8495415,
1672,8495415,
1673,7987866,14.0000
1674,9532710,
1675,11560897,2.8400
1676,11342416,2.8000
1677,9086251,2.5700
1678,10863608,2.8000
1679,9757613,5.2000
1680,5602588,0.4000
1681,5389540,
1682,10657406,13.8000
1683,5526527,13.9000
1684,5856571,9.6000
1685,7765528,4.1000
1686,11760231,13.8000
1687,10602291,4.5000
1688,7779077,12.3000
1689,5080636,13.8000
1690,5080636,13.8000
1691,8892721,
1692,3338885,13.9000
1693,3338885,13.9000
1694,9886255,0.7000
1695,8802693,0.7000
1696,6061773,13.9000
1697,10024701,0.5000
1698,9851271,7.3000
1699,12154526,5.3000
1700,5801571,0.6300
1701,6665512,13.8000
1702,10525027,13.5000
1703,11069176,3.5000
1704,11069176,3.5000
1705,8098728,2.3300
1706,2449431,4.0000
1707,5631630,0.8900
1708,5384079,0.2900
1709,9006186,13.8000
1710,9006186,13.8000
1711,2860114,13.6000
1712,11410904,0.3000
1713,8026752,0.2000
1714,4173026,8.1000
1715,11774991,13.8000
1716,11774991,13.8000
1717,8261920,13.9000
1718,8261920,13.9000
1719,8261920,13.9000
1720,9022166,
1721,8501062,
1722,10965588,0.6000
1723,3962751,0.5000
1724,10730703,0.6000
1725,8007644,0.4000
1726,11192235,13.8000
1727,8582291,10.3000
1728,12401863,3.5000
1729,5534941,13.2000
1730,11121752,4.4300
1731,5364071,13.9000
1732,11121752,4.4300
1733,5110683,
1734,2990873,8.6000
1735,6142862,13.9000
1736,5599774,9.8000
1737,6776401,13.6000
1738,7430034,0.6100
1739,9735426,0.6000
1740,4743513,1.8000
1741,10656508,1.4900
1742,8826168,0.3000
1743,10464050,0.5000
1744,9763348,
1745,8804397,0.3000
1746,9662811,13.8000
1747,5992270,13.9000
1748,11570749,13.9000
1749,11297236,0.8000
1750,8160953,8.2000
1751,9839821,0.4000
1752,4056616,12.9000
1753,5021737,2.9500
1754,5959753,0.8000
1755,6707908,2.8000
1756,11298815,13.9000
1757,8492026,
1758,8750043,2.2000
1759,9973109,10.2000
1760,6226290,0.4000
1761,9349482,13.9000
1762,6356207,
1763,8564674,0.4000
1764,8564674,0.4000
1765,2014991,3.5500
1766,4247791,
1767,11288051,0.7000
1768,10670119,
1769,10670119,
1770,7286911,0.7000
1771,8591173,14.0000
1772,6962109,
1773,5706595,0.4000
1774,5706595,0.4000
1775,12885212,0.9000
1776,8611781,7.3000
1777,3097926,
1778,11288051,0.7000
1779,6200235,13.9000
1780,1872821,0.4000
1781,9757613,5.2000
1782,8013439,
1783,8013439,
1784,8013439,
1785,12505654,4.4000
1786,7215678,0.5000
1787,11670125,13.7000
1788,11461844,0.4000
1789,7449554,0.3000
1790,5716932,0.3200
1791,8179325,
1792,3861595,2.0100
1793,8160953,8.2000
1794,6300348,
1795,8625821,0.4000
1796,4157325,
1797,4157325,
1798,4157325,
1799,3648437,0.3000
1800,7286173,1.2000
1801,11126381,0.3000
1802,4149450,5.1000
1803,9115681,2.2900
1804,9520838,0.3000
1805,9164836,0.4000
1806,8167996,13.9000
1807,6185476,4.2000
1808,8578780,13.8000
1809,4544907,7.5000
1810,4636578,4.0000
1811,4636578,4.0000
1812,4636578,4.0000
1813,11923284,2.8100
1814,8556077,2.3200
1815,7102316,2.9000
1816,7102316,2.9000
1817,9489524,0.6000
1818,3847907,13.4000
1819,9489524,0.6000
1820,8111919,9.6000
1821,5894073,0.4000
1822,10518424,0.3000
1823,10518424,0.3000
1824,5730445,
1825,4245933,12.7000
1826,5601258,13.8000
1827,9964670,9.8000
1828,8282651,13.9000
1829,3548044,0.3000
1830,11401767,2.3490
1831,11288051,0.7000
1832,6209798,3.5400
1833,6525249,0.3000
1834,11075429,1.6400
1835,5602588,0.4000
1836,5385304,2.1400
1837,11824786,0.4000
1838,12254909,1.0000
1839,10798331,5.8000
1840,9364290,11.3000
1841,9364290,11.3000
1842,6864893,0.6000
1843,11701407,
1844,9757613,5.2000
1845,5906426,13.8000
1846,10813132,9.4000
1847,9718379,1.5000
1848,3002478,0.5000
1849,8167996,13.9000
1850,8167996,13.9000
1851,6773862,13.8000
1852,8009496,0.3000
1853,10187159,13.9000
1854,9758089,14.0000
1855,9758089,14.0000
1856,9883311,0.8000
1857,4939346,0.3000
1858,11046458,12.2000
1859,8978528,13.8000
1860,8978528,13.8000
1861,9967771,2.4000
1862,11622600,14.0000
1863,5940165,13.8000
1864,2985767,7.0000
1865,2304320,0.9000
1866,3657758,
1867,9790806,12.7000
1868,6382217,13.9000
1869,6382217,13.9000
1870,9634821,
1871,3862246,12.2000
1872,9634821,
1873,9634821,
1874,8950568,0.6000
1875,8950568,0.6000
1876,8950568,0.6000
1877,11705004,0.6000
1878,10909127,6.3000
1879,2141783,5.3000
1880,4144576,0.7000
1881,2581191,0.5000
1882,8494542,2.9500
1883,9992325,
1884,3642741,6.3000
1885,11073656,
1886,7379385,2.2000
1887,10531955,
1888,8168187,0.8000
1889,4142847,13.9000
1890,6199702,0.5000
1891,7222086,1.4700
1892,7304449,13.9000
1893,7380829,3.8000
1894,7386827,11.9000
1895,7522911,0.3000
1896,7626370,13.8000
1897,7703955,3.6000
1898,9410930,3.5000
1899,7750419,0.4000
1900,7768952,2.3000
1901,7815744,
1902,7955580,13.9000
1903,8162790,
1904,8230616,13.9000
1905,10454632,14.0000
1906,3098810,2.9100
1907,8367644,
1908,10332883,14.0000
1909,4035640,13.7000
1910,6205228,0.3000
1911,12508335,7.8000
1912,11758544,2.8000
1913,4851530,
1914,4851530,
1915,11413812,0.3000
1916,9549648,3.0400
1917,10965740,2.6700
1918,10063802,1.7000
1919,8950568,0.6000
1920,8804845,0.5000
1921,10480915,0.3000
1922,5024482,
1923,9111849,1.8000
1924,4043443,13.8000
1925,3448130,0.5000
1926,9656252,
1927,6026438,13.8000
1928,6026438,13.8000
1929,10663396,
1930,11457726,1.3400
1931,8956206,0.9000
1932,9649706,0.6600
1933,10203349,
1934,7457296,14.0000
1935,10328458,11.7000
1936,7050060,
1937,9592579,0.6000
1938,4248120,12.1000
1939,9580992,0.6000
1940,12058204,0.5000
1941,12058204,0.5000
1942,5357545,7.0000
1943,6871071,1.5000
1944,6871071,1.5000
1945,6871071,1.5000
1946,6287313,2.8000
1947,8230616,13.9000
1948,9655129,13.9000
1949,9836959,7.3000
1950,9838949,13.9000
1951,2987027,14.0000
1952,9895006,14.0000
1953,9896558,3.7000
1954,9899483,1.7000
1955,10015937,0.6000
1956,10019065,0.5000
1957,10080248,0.4000
1958,10213902,0.3000
1959,10214162,
1960,10905746,
1961,11074178,0.6000
1962,11074178,0.6000
1963,7449136,3.9000
1964,6152974,13.9000
1965,8680979,0.7000
1966,8680979,0.7000
1967,9030537,0.5000
1968,8689793,0.3000
1969,11673802,0.8400
1970,4263293,1.2000
1971,4263293,1.2000
1972,4263293,1.2000
1973,10294613,0.9000
1974,5695524,2.5000
1975,6307083,13.7000
1976,7265298,
1977,4833421,0.3000
1978,7265298,
1979,3248501,0.3000
1980,2307415,2.5400
1981,2307415,2.5400
1982,9156585,7.8000
1983,3128552,0.4000
1984,10134152,0.3000
1985,9573685,13.9000
1986,10329835,13.8000
1987,12301181,13.9000
1988,9289704,
1989,4349452,4.6500
1990,9278725,13.9000
1991,8892157,0.4000
1992,8892157,0.4000
1993,11569782,13.9000
1994,11520459,
1995,10600955,7.0000
1996,10801100,
1997,4473226,5.7000
1998,8914779,2.5700
1999,6780158,8.0000
2000,4349452,4.6500
2001,2854181,4.5000
2002,8242434,14.0000
2003,10666242,2.2000
2004,6185331,0.4000
2005,11820830,1.1300
2006,6603756,13.6000
2007,8460600,12.1000
2008,8266276,
2009,6869184,0.4000
2010,8396405,0.6000
2011,8845574,13.8000
2012,3446451,1.4100
2013,6604328,0.3000
2014,10019708,0.2400
2015,4365645,13.4000
2016,6152974,13.9000
2017,7668663,3.5000
2018,7047922,2.7000
2019,9353314,13.9000
2020,3629967,0.4000
2021,5809954,13.9000
2022,3836453,6.9000
2023,8766650,13.8000
2024,10328393,13.6000
2025,11773328,0.8000
2026,7094486,13.7000
2027,9595827,0.4000
2028,5706966,14.0000
2029,5706966,14.0000
2030,4833421,0.3000
2031,9279354,13.8000
2032,12061969,4.0000
2033,6774880,0.6000
2034,7449541,0.4000
2035,2579043,0.5100
2036,6342333,4.5000
2037,3239671,0.3000
2038,9304101,4.6000
2039,10674871,0.5000
2040,11360571,
2041,4833421,0.3000
2042,6032517,0.8000
2043,6035124,14.0000
2044,8963721,10.2000
2045,9635510,
2046,8076630,0.5000
2047,10723367,0.4000
2048,10723367,0.4000
2049,5005121,0.4000
2050,8229458,13.8000
2051,4077901,4.4000
2052,10271691,0.6000
2053,8478994,10.0000
2054,5125347,1.0000
2055,9336200,0.6000
2056,4770617,0.3000
2057,10544677,0.2300
2058,7199906,0.3000
2059,6762829,3.4000
2060,8180020,
2061,9528420,1.8000
2062,8129042,
2063,6364327,4.8000
2064,9574614,2.0000
2065,8197343,0.4000
2066,7032421,0.5000
2067,10019708,0.2400
2068,7593110,
2069,6786348,0.4000
2070,6209677,4.8000
2071,9729691,13.9000
2072,10130039,1.6000
2073,10130039,1.6000
2074,10130039,1.6000
2075,8226050,13.2000
2076,9965957,8.6000
2077,3952651,
2078,9704384,12.7000
2079,8426567,14.0000
2080,9838975,0.9000
2081,9101496,0.3000
2082,6037581,0.3000
2083,6037581,0.3000
2084,6037581,0.3000
2085,10074466,0.6000
2086,12058147,0.4000
2087,8164257,13.8000
2088,8164257,13.8000
2089,8164257,13.8000
2090,8866137,0.7000
2091,10857519,3.2500
2092,9517393,0.3000
2093,4768846,0.2000
2094,4833421,0.3000
2095,9351316,14.0000
2096,9473078,14.0000
2097,10864531,0.4000
2098,10864531,0.4000
2099,2853780,2.9400
2100,4454934,7.6000
2101,9458343,0.3000
2102,7802719,13.8000
2103,11030475,2.3000
2104,11030475,2.3000
2105,11030475,2.3000
2106,8478994,10.0000
2107,11030475,2.3000
2108,4761060,2.1100
2109,5942808,
2110,5479802,
2111,6206214,3.1400
2112,8959839,0.5000
2113,5607631,0.5000
2114,9729691,13.9000
2115,8127586,3.8000
2116,4950232,
2117,8651389,
2118,5302006,0.2200
2119,4851464,
2120,6046540,0.4000
2121,6705142,
2122,3248019,
2123,3967760,11.6000
2124,3967760,11.6000
2125,4067336,0.3000
2126,5387843,0.3000
2127,10491044,13.9000
2128,7369865,2.1800
2129,8127607,4.9000
2130,8218379,0.5000
2131,7755636,1.3600
2132,9411166,0.3000
2133,6305192,0.8000
2134,9411166,0.3000
2135,4989057,13.9000
2136,5108214,3.3900
2137,9955598,11.4000
2138,10230571,
2139,7219761,7.6000
2140,5770074,1.9000
2141,10136549,8.2000
2142,9472000,0.5000
2143,7097965,3.7300
2144,3967326,
2145,8260234,13.8000
2146,6768394,5.0000
2147,4833421,0.3000
2148,6768394,5.0000
2149,6768394,5.0000
2150,6922710,3.9500
2151,12164770,0.3100
2152,9541322,0.3000
2153,11348997,
2154,5705819,3.6000
2155,6696580,
2156,7672097,0.4000
2157,9112931,
2158,9071593,0.5000
2159,8478994,10.0000
2160,4951249,0.2000
2161,8126558,13.5000
2162,11811193,0.2900
2163,3734418,13.9000
2164,3734418,13.9000
2165,6634133,13.9000
2166,8613535,0.3000
2167,12256520,13.0000
2168,3337432,
2169,10489345,
2170,11904734,14.0000
2171,8043714,3.2000
2172,3654950,6.8000
2173,9071386,1.8800
2174,6849046,6.4000
2175,8223328,11.5000
2176,4150390,
2177,8444552,5.2000
2178,7918217,
2179,11342573,0.3000
2180,3345675,14.0000
2181,10153011,10.9000
2182,11285136,5.1000
2183,4913000,1.0900
2184,10136549,8.2000
2185,5511081,6.5000
2186,10593759,3.4000
2187,7132798,0.4000
2188,5511081,6.5000
2189,5511081,6.5000
2190,5511081,6.5000
2191,10978763,0.4000
2192,10978763,0.4000
2193,10978763,0.4000
2194,5202905,0.8000
2195,9072190,0.4000
2196,4242147,1.0000
2197,5396122,
2198,6696580,
2199,6525946,
2200,3832716,4.9000
2201,5023956,0.2500
2202,8505920,14.0000
2203,7918992,0.4000
2204,9307509,14.0000
2205,10158729,0.6000
2206,6105462,3.0500
2207,3120355,0.3000
2208,6047072,0.5000
2209,9411412,14.0000
2210,7008211,11.6000
2211,7620413,4.1000
2212,6956014,10.1500
2213,8478994,10.0000
2214,7021534,0.3000
2215,9277210,
2216,11774303,0.2600
2217,9728465,3.5200
2218,10329469,0.6000
2219,9654875,1.2300
2220,9717943,4.3000
2221,7960980,
2222,7124026,0.4000
2223,3458028,1.4600
2224,11295426,6.3700
2225,2860793,1.7800
2226,8453214,
2227,7877496,2.0000
2228,5110423,0.5000
2229,5444384,
2230,9909735,9.8000
2231,9909735,9.8000
2232,5450814,13.9000
2233,11551692,4.4000
2234,11551692,4.4000
2235,8678664,9.9000
2236,10005758,0.2000
2237,10005758,0.2000
2238,10619192,1.0300
2239,10158418,0.3000
2240,7132798,0.4000
2241,4945877,0.4820
2242,10190777,13.6000
2243,9651234,0.7000
2244,7045496,0.5000
2245,10005788,13.9000
2246,10005788,13.9000
2247,5213902,0.5000
2248,2832589,0.6000
2249,7810483,0.3000
2250,2438513,3.1000
2251,3937519,0.6000
2252,2438513,3.1000
2253,4677282,0.2300
2254,5097470,0.4000
2255,9008737,0.4000
2256,9008737,0.4000
2257,9692128,5.9000
2258,10917043,13.5000
2259,11456382,
2260,5088536,7.9000
2261,11966253,8.8000
2262,3130548,7.2000
2263,4846856,13.9000
2264,9366886,14.0000
2265,10601465,0.9000
2266,3657176,4.2000
2267,3969687,0.6000
2268,9369366,1.6700
2269,6716545,3.4700
2270,6716545,3.4700
2271,2708885,10.7000
2272,6612284,
2273,12454461,0.3000
2274,9887224,14.0000
2275,7542369,0.2900
2276,8544992,13.9000
2277,8544992,13.9000
2278,11818607,0.4000
2279,8380709,0.3000
2280,6149910,14.0000
2281,9108085,0.4000
2282,5436013,11.6000
2283,11231334,2.7900
2284,9395719,0.3000
2285,8753896,
2286,8753896,
2287,8890150,14.0000
2288,8890150,14.0000
2289,11752908,
2290,4346178,14.0000
2291,6525193,0.5000
2292,9664142,0.4000
2293,10018233,0.4000
2294,8636539,0.3400
2295,9283156,0.6000
2296,5716763,0.3000
2297,8547429,0.3000
2298,8803882,2.5500
2299,9893318,1.6000
2300,6866251,2.3800
2301,9593757,
2302,6346809,7.8000
2303,4275117,0.3000
2304,6545051,0.6000
2305,7769819,
2306,11874577,0.3000
2307,12164564,0.3000
2308,8190354,8.3000
2309,5088536,7.9000
2310,10275805,
2311,10488450,
2312,7461307,3.9000
2313,4483138,
2314,5471202,0.3000
2315,9640439,
2316,9693006,0.4000
2317,6837283,3.0400
2318,5613821,
2319,7269881,10.3000
2320,3228945,
2321,7008149,
2322,8240617,0.5000
2323,8746295,1.5000
2324,10090257,7.0000
2325,6846911,7.0000
2326,5385439,13.9000
2327,5963582,10.8000
2328,8189801,13.5000
2329,5790807,2.4700
2330,4476423,1.4900
2331,11403389,0.5000
2332,9851662,12.8000
2333,10453588,4.8000
2334,11125613,11.4000
2335,8074328,
2336,3426367,13.8000
2337,7762723,0.5000
2338,5562090,13.7000
2339,12110786,0.4000
2340,5342061,0.4000
2341,3654095,0.4000
2342,3102384,1.9000
2343,5513012,0.5000
2344,11761199,0.3000
2345,8074805,2.6000
2346,2437505,
2347,2437505,
2348,5709889,13.9000
2349,3119256,1.9700
2350,10001368,
2351,9466429,1.7800
2352,4365442,3.1600
2353,9943435,0.4000
2354,8885643,0.4000
2355,5652893,3.0000
2356,11662184,0.4000
2357,5695396,5.3000
2358,10933561,9.4000
2359,10332213,0.9000
2360,7090524,4.5000
2361,6842807,8.6000
2362,4381282,0.8000
2363,9815053,4.8000
2364,7609553,14.0000
2365,6974658,13.9000
2366,10122538,
2367,10122538,
2368,7212184,0.5000
2369,8559152,2.7300
2370,2718778,
2371,3122913,1.0000
2372,8292840,4.0000
2373,9229657,0.4000
2374,11752632,0.4000
2375,10028535,1.2000
2376,7047207,2.1000
2377,5212220,4.9000
2378,9964748,3.0000
2379,11179076,13.4000
2380,5959719,1.6000
2381,5544903,0.3000
2382,11253827,14.0000
2383,11253827,14.0000
2384,10747445,
2385,8022489,7.2000
2386,8022489,7.2000
2387,8077137,4.2000
2388,8022489,7.2000
2389,5794570,0.4000
2390,5794570,0.4000
2391,5649325,4.2000
2392,11127479,3.4000
2393,9823519,
2394,9823519,
2395,5428668,0.3000
2396,5041569,
2397,11246161,0.3000
2398,10604521,
2399,6697756,13.9000
2400,5649833,0.2800
2401,10518399,13.1000
2402,5787131,
2403,10933561,9.4000
2404,3230753,8.3000
2405,8358012,0.5000
2406,4664046,0.7000
2407,8611257,2.8000
2408,3861611,
2409,12416987,13.8000
2410,10964265,2.5000
2411,8259713,0.9800
2412,10407054,
2413,8292840,4.0000
2414,5542983,0.9000
2415,10880007,14.0000
2416,8631504,14.0000
2417,8110767,
2418,5471574,2.6200
2419,6767840,2.9000
2420,8379705,0.4000
2421,8836888,0.6000
2422,9880190,4.5000
2423,5392702,0.6000
2424,8292840,4.0000
2425,8429566,3.8000
2426,9958387,2.1900
2427,6779260,13.9000
2428,6716021,0.5000
2429,8326342,0.6000
2430,6878240,0.6000
2431,6878240,0.6000
2432,8077137,4.2000
2433,2436378,
2434,7899070,0.5000
2435,4035667,0.8400
2436,9612825,
2437,5695396,5.3000
2438,5905822,4.5000
2439,5775129,0.6100
2440,9898447,0.4000
2441,5307568,7.3000
2442,11135308,2.8100
2443,7047824,14.0000
2444,2985587,3.4900
2445,3730335,
2446,7428316,0.3000
2447,10880507,0.6000
2448,9823564,0.4000
2449,11075737,6.8000
2450,6028860,0.5000
2451,4991208,0.3000
2452,8243283,
2453,6778019,0.8000
2454,4571536,
2455,5108946,0.4000
2456,8801316,2.1300
2457,10904004,8.9000
2458,9574158,0.5000
2459,9653622,0.6900
2460,4391348,
2461,8418129,0.4590
2462,7294743,11.5000
2463,8947520,4.0000
2464,5529738,0.2000
2465,4047631,1.3000
2466,10059645,13.8000
2467,5383248,5.9000
2468,7183745,
2469,7183745,
2470,9177629,13.8000
2471,7778767,
2472,7826659,14.0000
2473,7202957,6.3000
2474,7202957,6.3000
2475,8892303,
2476,10265602,2.3000
2477,5369827,13.4000
2478,10586004,4.0900
2479,4552729,14.0000
2480,2989706,0.4000
2481,5185897,1.0000
2482,10275766,0.2000
2483,9025922,
2484,6021275,5.6000
2485,10275766,0.2000
2486,6370120,13.7000
2487,2442448,2.0000
2488,11197853,14.0000
2489,4479633,0.3000
2490,9665922,0.3000
2491,11283615,0.6000
2492,5014903,5.6000
2493,5980783,
2494,8873090,
2495,11547513,
2496,8560804,1.9000
2497,5450893,2.6500
2498,4770174,1.1000
2499,8949925,
2500,5091016,2.2000
2501,3336283,0.3500
2502,7515762,0.5700
2503,5942949,13.5000
2504,3116302,3.0000
2505,7879433,13.8000
2506,9205907,0.3000
2507,8463346,3.5000
2508,11807274,4.7500
2509,9011825,3.6000
2510,4172746,
2511,5174858,8.6000
2512,11074835,3.3000
2513,11074835,3.3000
2514,1996180,0.9000
2515,1996180,0.9000
2516,5185897,1.0000
2517,5185897,1.0000
2518,9475552,14.0000
2519,9475552,14.0000
2520,5196864,13.9000
2521,11071200,1.6200
2522,11071200,1.6200
2523,10586004,4.0900
2524,6627507,9.2000
2525,5128673,0.4000
2526,7605093,
2527,4952341,1.1800
2528,4270565,0.3000
2529,6021275,5.6000
2530,11963206,0.3000
2531,4249611,
2532,8263545,
2533,10341917,
2534,3241604,
2535,9591070,1.3700
2536,9532424,11.1000
2537,4385148,
2538,4385148,
2539,9838468,0.4000
2540,6781548,
2541,8617363,0.5000
2542,9642292,
2543,9950316,0.4000
2544,6356692,11.3000
2545,6026737,4.9700
2546,11200415,2.4700
2547,9635606,14.0000
2548,3728701,4.9000
2549,10861715,0.3000
2550,11807274,4.7500
2551,1849702,0.7000
2552,7289162,2.3000
2553,3001885,
2554,12306058,5.7000
2555,6183511,13.8000
2556,12469800,10.9000
2557,8676148,1.0000
2558,9696358,3.1200
2559,5039129,0.3000
2560,4484336,3.5000
2561,6690836,0.8000
2562,8639908,4.8000
2563,5481148,2.7000
2564,6307063,0.5000
2565,5871985,13.9000
2566,9730163,
2567,9730163,
2568,11453592,
2569,11133306,3.1000
2570,9697131,2.9400
2571,8227661,
2572,7428736,14.0000
2573,6436029,
2574,6197215,4.3000
2575,6021275,5.6000
2576,9244508,0.3000
2577,9692557,0.5000
2578,9995402,13.9000
2579,9109857,5.4000
2580,5609593,13.9000
2581,10597693,0.3600
2582,7466270,
2583,11259686,1.7000
2584,10876237,0.5000
2585,10471515,2.6000
2586,4935172,0.3000
2587,8760040,0.2600
2588,8760040,0.2600
2589,10098844,4.0000
2590,8429415,2.6500
2591,6521045,4.6000
2592,10514430,8.5000
2593,9580167,
2594,10679583,0.5000
2595,11622985,0.3000
2596,11361283,11.3000
2597,8757824,0.4000
2598,9832208,0.7000
2599,10471621,10.6000
2600,10471621,10.6000
2601,5350244,1.2500
2602,5374403,0.8000
2603,3097346,
2604,10925113,
2605,5480640,0.5000
2606,5480640,0.5000
2607,5480640,0.5000
2608,5175986,13.4000
2609,4180401,
2610,6350476,13.9000
2611,5272233,4.9000
2612,5272233,4.9000
2613,11098013,2.8300
2614,11401755,6.4000
2615,5436338,13.6000
2616,11414465,13.9000
2617,11565924,1.1100
2618,6607357,2.9000
2619,6607357,2.9000
2620,6196457,5.2000
2621,6186964,
2622,6467363,5.7000
2623,6467363,5.7000
2624,8758204,0.9000
2625,6948480,0.3000
2626,6438099,0.5000
2627,11090556,0.6300
2628,11090556,0.6300
2629,11547513,
2630,10686814,13.5000
2631,2720514,2.7000
2632,9468551,
2633,9076971,
2634,8360640,3.7000
2635,5307858,
2636,6605493,0.4000
2637,4670217,
2638,7259298,0.3000
2639,10415227,0.3000
2640,5175024,1.5800
2641,9026749,0.3000
2642,12216278,
2643,9159242,14.0000
2644,12024120,2.9000
2645,9842937,8.3000
2646,6525185,0.5000
2647,8247770,11.7000
2648,10812504,13.4000
2649,5443604,1.4000
2650,12206313,3.5500
2651,12206313,3.5500
2652,9837661,
2653,9837661,
2654,9837661,
2655,9092504,0.4000
2656,9092504,0.4000
2657,9467404,3.0100
2658,5308666,
2659,8733898,
2660,8733898,
2661,8176019,
2662,4858610,8.2000
2663,10591855,13.9000
2664,4832175,
2665,6196457,5.2000
2666,12935144,14.0000
2667,7749773,7.8000
2668,10064256,6.1000
2669,4075015,0.5000
2670,4055774,0.5000
2671,6670075,0.7400
2672,9395024,0.4000
2673,12254688,1.6700
2674,8345172,0.6000
2675,4172013,0.3000
2676,10489206,13.5000
2677,12254378,0.3000
2678,12071037,4.8000
2679,8494617,3.1100
2680,10289119,5.9000
2681,10341905,0.6000
2682,7382313,6.6000
2683,4665571,12.2000
2684,10812504,13.4000
2685,6867588,1.0000
2686,7501646,
2687,8256453,
2688,9474493,0.5000
2689,8107115,0.4000
2690,7375348,
2691,4551663,12.4000
2692,12257999,0.2500
2693,6922203,4.9000
2694,9896018,2.5000
2695,11037511,0.6000
2696,11818872,0.4000
2697,11771430,2.8000
2698,8866102,3.4000
2699,11401755,6.4000
2700,5184911,14.0000
2701,8176564,2.8000
2702,6587105,0.4000
2703,7673192,1.4000
2704,7673192,1.4000
2705,7673192,1.4000
2706,7673192,1.4000
2707,3346154,5.7000
2708,6697605,
2709,6697605,
2710,6294819,
2711,12602314,13.8000
2712,5513866,
2713,4547603,1.3000
2714,6196457,5.2000
2715,5688910,5.3000
2716,6345732,3.5300
2717,6345732,3.5300
2718,10336927,2.9000
2719,4829935,0.2000
2720,12115188,11.7000
2721,10489206,13.5000
2722,9269042,3.8000
2723,6199056,2.7500
2724,11461433,0.6000
2725,7984574,0.4000
2726,10336951,14.0000
2727,8481129,13.6000
2728,2142522,1.1100
2729,6364215,2.5000
2730,10202759,0.5900
2731,5007345,0.2000
2732,10387742,4.7000
2733,10663411,5.3000
2734,7673841,2.9700
2735,8167959,10.0000
2736,9827149,
2737,9827149,
2738,5546691,0.3000
2739,12156347,13.8000
2740,10468885,4.2000
2741,12016267,2.9100
2742,5513897,1.1000
2743,6765135,0.3000
2744,8212002,
2745,8004903,6.1000
2746,5308387,2.6600
2747,6233573,2.8000
2748,12314973,2.8700
2749,10363281,2.6900
2750,4861527,0.4000
2751,4178606,0.7400
2752,12008872,3.9000
2753,8415200,1.3000
2754,4072333,0.5000
2755,9886361,0.2600
2756,6185496,13.8000
2757,10397751,10.5000
2758,10397751,10.5000
2759,10397751,10.5000
2760,6606438,
2761,7815931,3.2000
2762,6679295,
2763,8258171,0.7700
2764,3241557,0.3000
2765,3957082,3.8000
2766,8681833,0.3000
2767,11187837,0.0000
2768,12120484,0.3000
2769,6429812,5.2000
2770,10024051,1.3000
2771,8676038,0.3000
2772,8676038,0.3000
2773,8073806,4.8000
2774,10419312,3.5000
2775,3234598,13.9000
2776,3234598,13.9000
2777,8611832,1.5000
2778,11752906,13.9000
2779,8611832,1.5000
2780,3425851,
2781,8883329,2.1500
2782,8883329,2.1500
2783,3644653,0.5000
2784,12120307,0.2500
2785,12120307,0.2500
2786,12120307,0.2500
2787,7446631,2.8000
2788,10664416,14.0000
2789,9777251,
2790,7531677,2.9500
2791,7670943,1.4500
2792,10068659,0.6000
2793,2443393,
2794,9886361,0.2600
2795,5953297,14.0000
2796,7659389,
2797,12314973,2.8700
2798,9472074,1.0000
2799,10842192,13.8000
2800,6614629,11.9000
2801,6630943,14.0000
2802,4831728,5.5000
2803,4831728,5.5000
2804,4138951,0.3500
2805,9899181,
2806,9899181,
2807,8884274,
2808,7767162,3.4900
2809,4861791,
2810,10793172,0.8000
2811,8703887,
2812,10793172,0.8000
2813,7136729,13.8000
2814,5621586,
2815,9210387,0.5000
2816,9654468,
2817,10027247,14.0000
2818,6343170,3.3000
2819,7107802,0.5000
2820,8838950,3.6000
2821,11360805,13.9000
2822,9845898,0.3400
2823,11752906,13.9000
2824,12453581,4.2000
2825,11922678,2.2400
2826,8081899,0.5000
2827,10189557,10.1000
2828,9019191,0.9000
2829,10407221,13.7000
2830,5991936,0.1100
2831,5095635,0.4000
2832,6269070,
2833,6705137,1.2000
2834,2305866,
2835,8885673,13.7000
2836,6528464,12.1000
2837,9602613,12.9000
2838,9602613,12.9000
2839,9712350,0.6000
2840,5807769,0.3000
2841,8025596,0.3000
2842,3336765,2.6000
2843,5513893,0.3000
2844,5980208,13.8000
2845,8095441,1.3000
2846,4141376,7.8000
2847,5881813,0.4000
2848,12456601,0.4000
2849,5302643,0.1900
2850,6586746,13.8000
2851,9962455,0.4000
2852,6364276,13.8000
2853,9149789,0.5000
2854,12170648,12.2000
2855,4367854,13.8000
2856,7019524,2.7000
2857,5106313,0.7000
2858,7051984,6.3000
2859,9825174,6.6000
2860,9592705,3.0500
2861,7812455,0.2800
2862,5642620,
2863,9965184,
2864,9911882,0.4000
2865,3533469,
2866,8956706,
2867,7047363,0.6000
2868,11968463,
2869,5794240,13.9000
2870,11968463,
2871,6864885,2.4000
2872,5097868,0.3000
2873,8570333,6.1000
2874,5036705,1.4000
2875,5078939,3.6000
2876,6867555,
2877,5956787,
2878,4915638,0.8000
2879,6351097,5.8000
2880,8081905,
2881,11465950,0.4000
2882,6528464,12.1000
2883,9996632,
2884,10527135,7.8000
2885,10916600,0.6500
2886,8429314,
2887,9153570,0.5000
2888,11768142,13.9000
2889,6124512,13.9000
2890,10070468,1.9000
2891,9962455,0.4000
2892,8687088,
2893,3663173,
2894,9881077,13.9000
2895,5717567,4.2000
2896,4143755,4.4000
2897,6265792,5.7000
2898,10905911,
2899,3545135,2.5000
2900,6964929,0.4000
2901,5642620,
2902,5209845,
2903,9652649,4.8000
2904,11100670,
2905,6129524,
2906,3859363,0.2900
2907,12023078,2.9400
2908,6364162,2.1000
2909,10386922,
2910,7463685,0.3000
2911,5339567,9.3000
2912,4459924,0.8000
2913,11080405,9.9000
2914,7021681,13.8000
2915,9209624,1.0100
2916,9209624,1.0100
2917,3354846,2.9000
2918,6516185,
2919,9850957,1.2800
2920,3946023,3.3000
2921,5857540,
2922,12208631,
2923,7289317,4.7000
2924,6500206,14.0000
2925,10031656,0.4000
2926,11495766,0.3000
2927,9451706,1.3800
2928,7584650,4.7000
2929,7584650,4.7000
2930,11337566,3.0900
2931,11769801,2.7700
2932,1995519,0.4000
2933,4914566,3.8800
2934,6198182,
2935,9574179,0.4000
2936,6211812,11.6000
2937,11391755,4.4000
2938,6521045,4.6000
2939,6432345,8.5000
2940,8703129,1.0960
2941,11076400,14.0000
2942,7877978,13.8000
2943,7903086,
2944,8210018,1.0000
2945,5088536,7.9000
2946,3834322,13.5000
2947,10073672,
2948,11188249,
2949,10068024,0.5600
2950,9636563,0.5000
2951,9520443,7.2000
2952,6937402,2.9000
2953,5475641,14.0000
2954,2853828,3.4300
2955,5817986,1.9000
2956,11129258,0.3000
2957,4939533,0.5000
2958,8845026,
2959,10386922,
2960,6521045,4.6000
2961,11548140,13.9000
2962,5545815,4.1000
2963,8631751,
2964,11401822,4.9000
2965,6507427,0.3000
2966,5521300,0.3000
2967,9753154,2.1300
2968,7604328,13.8000
2969,11236244,13.8000
2970,9837685,
2971,5042210,6.2000
2972,5514383,1.7000
2973,9451706,1.3800
2974,11391755,4.4000
2975,9088780,
2976,8894646,8.7000
2977,12061096,0.4000
2978,6933567,2.8000
2979,9993529,14.0000
2980,11303815,13.9000
2981,6044553,0.7000
2982,11962284,13.7000
2983,2573056,0.2500
2984,9451706,1.3800
2985,6842682,0.4000
2986,5779852,0.3700
2987,6042214,0.3400
2988,11904151,10.0000
2989,6200715,0.2400
2990,6291033,
2991,6758917,0.4000
2992,7098355,6.9000
2993,7101828,14.0000
2994,7269974,1.6000
2995,7269974,1.6000
2996,7440748,1.3000
2997,7440748,1.3000
2998,6707833,0.3000
2999,7700871,6.6000
3000,6786037,0.6000
3001,6786037,0.6000
3002,6786037,0.6000
3003,7025846,2.9000
3004,7119481,0.4000
3005,7445445,1.7000
3006,7445445,1.7000
3007,7445445,1.7000
3008,7595157,0.6000
3009,9153554,0.3000
3010,5092266,
3011,3642289,2.6200
3012,8161830,0.4000
3013,9301506,
3014,9714550,0.5000
3015,6263593,1.8000
3016,5475042,0.5000
3017,9959492,0.4000
3018,8827575,13.6000
3019,10383687,
3020,10470206,2.7500
3021,10518725,1.5800
3022,10545066,0.4000
3023,10552611,12.3900
3024,10552611,12.3900
3025,10587105,0.2000
3026,10587105,0.2000
3027,10587105,0.2000
3028,10616571,2.3000
3029,3558981,
3030,10878263,5.5000
3031,7504328,9.3000
3032,6889235,0.4210
3033,7977197,5.6000
3034,7977197,5.6000
3035,8043638,13.8000
3036,8621348,0.5000
3037,8773869,14.0000
3038,8845205,13.6000
3039,8890783,10.5000
3040,8890783,10.5000
3041,8891318,0.3000
3042,7595157,0.6000
3043,8056665,1.0700
3044,8008206,11.9000
3045,8008206,11.9000
3046,8106610,0.4300
3047,8120608,13.9000
3048,8120608,13.9000
3049,8120608,13.9000
3050,8120608,13.9000
3051,8193178,6.6000
3052,8193178,6.6000
3053,8827575,13.6000
3054,2716801,0.3000
3055,6461850,
3056,3642289,2.6200
3057,7281454,3.8000
3058,7216284,1.4000
3059,3234843,
3060,3234843,
3061,8192911,
3062,10554967,
3063,10878263,5.5000
3064,10982872,8.2000
3065,10982872,8.2000
3066,10982872,8.2000
3067,11015108,6.2000
3068,11074541,9.3000
3069,11100383,7.2000
3070,11189127,
3071,11194032,13.9000
3072,2445975,
3073,11394027,8.2000
3074,9008220,0.3000
3075,3248033,3.7000
3076,7199397,4.8300
3077,9583881,1.0000
3078,9589524,13.7000
3079,9703198,0.3000
3080,9844088,0.5000
3081,10019643,0.4000
3082,10019643,0.4000
3083,10123064,0.3000
3084,10155434,0.5000
3085,8344004,5.8000
3086,8056665,1.0700
3087,8344004,5.8000
3088,8355239,0.7000
3089,8355239,0.7000
3090,8367113,0.3000
3091,8474898,7.4000
3092,8558011,
3093,8558011,
3094,8565266,5.8000
3095,8616637,4.8000
3096,8616637,4.8000
3097,11019987,0.9500
3098,4857058,13.7000
3099,7613246,0.3000
3100,10924562,
3101,3662838,1.7000
3102,9899505,
3103,5040077,
3104,4067925,4.2000
3105,4847782,0.8000
3106,3230805,1.1000
3107,11395587,5.0000
3108,11442793,0.5300
3109,11442793,0.5300
3110,11442793,0.5300
3111,11442793,0.5300
3112,11442793,0.5300
3113,11442793,0.5300
3114,11521793,4.8000
3115,11521793,4.8000
3116,8248939,
3117,11566064,0.3300
3118,11566064,0.3300
3119,10460984,0.6200
3120,10460984,0.6200
3121,9955262,2.0500
3122,10460984,0.6200
3123,10460984,0.6200
3124,10577994,10.5000
3125,10577994,10.5000
3126,10599206,13.9000
3127,10934674,13.4000
3128,10990886,14.0000
3129,11015323,1.5000
3130,9210823,8.5000
3131,8625925,0.4000
3132,8822216,0.4000
3133,8822216,0.4000
3134,9020160,0.9000
3135,9020160,0.9000
3136,9020160,0.9000
3137,9076513,0.4000
3138,9146018,0.5000
3139,9146018,0.5000
3140,9146018,0.5000
3141,4676964,11.6000
3142,6072593,7.4000
3143,5865654,14.0000
3144,3219643,14.0000
3145,8546542,1.2000
3146,5966322,10.6000
3147,8197560,
3148,3328080,
3149,11551715,13.7000
3150,2715695,13.9000
3151,2715695,13.9000
3152,11568987,1.7000
3153,11568987,1.7000
3154,11621223,0.7200
3155,11624249,13.7000
3156,12017140,0.2000
3157,12106929,0.3000
3158,12107021,1.5000
3159,12404954,3.0000
3160,11554435,1.4000
3161,1571511,3.3000
3162,2438070,13.2000
3163,7296438,4.8000
3164,11134879,8.5000
3165,11192998,0.8000
3166,9552608,0.6800
3167,11192998,0.8000
3168,11192998,0.8000
3169,11255761,7.7000
3170,11497977,0.5000
3171,12061222,0.6000
3172,12316431,0.3000
3173,12404305,0.4000
3174,12834874,4.3000
3175,7941200,2.2000
3176,9279669,0.5000
3177,9570741,0.3000
3178,9607164,14.0000
3179,9631762,13.9000
3180,9763754,0.3000
3181,9782691,0.3000
3182,9782691,0.3000
3183,9886221,0.5000
3184,9957627,3.3000
3185,9958962,0.4000
3186,8430964,0.4000
3187,6312171,0.9000
3188,10665043,
3189,3654719,0.4000
3190,10619142,0.5400
3191,6029239,4.9000
3192,7106173,0.4000
3193,7106173,0.4000
3194,7106173,0.4000
3195,3324986,0.4000
3196,11623629,9.6000
3197,3545478,2.6000
3198,4815520,8.7000
3199,6603043,0.5140
3200,7175184,0.9400
3201,7175184,0.9400
3202,8494142,4.2100
3203,7051180,12.5000
3204,8494142,4.2100
3205,5652983,4.0000
3206,6471021,0.9100
3207,2557816,4.0000
3208,2576197,0.2400
3209,8823868,0.4130
3210,2576197,0.2400
3211,3239945,13.6000
3212,3239945,13.6000
3213,3239945,13.6000
3214,3239945,13.6000
3215,3541800,0.3000
3216,3559935,14.0000
3217,3834360,0.4000
3218,3966801,0.8000
3219,4832837,1.3000
3220,6462863,3.1300
3221,5014753,3.3000
3222,5441980,
3223,5562784,14.0000
3224,5608566,7.7000
3225,5686174,13.9000
3226,6309763,0.4200
3227,6587002,14.0000
3228,6587002,14.0000
3229,6960456,0.6000
3230,11912932,0.4000
3231,10749059,
3232,9119568,14.0000
3233,9119568,14.0000
3234,9020114,0.7000
3235,7668416,
3236,10905239,2.3000
3237,6029239,4.9000
3238,6609270,
3239,12406807,0.2300
3240,7364176,10.4000
3241,8686097,9.8000
3242,12356617,5.4000
3243,12643589,0.2800
3244,12643589,0.2800
3245,3323887,2.7000
3246,3323887,2.7000
3247,10223615,11.1000
3248,3323887,2.7000
3249,2449074,
3250,2446113,2.6500
3251,2446113,2.6500
3252,2452450,2.4000
3253,4049108,6.2000
3254,10187017,5.1000
3255,4454752,13.9000
3256,4757437,0.5000
3257,4757437,0.5000
3258,4833135,0.2000
3259,4847534,12.5000
3260,4852528,3.1000
3261,4852528,3.1000
3262,4852528,3.1000
3263,4852528,3.1000
3264,6462863,3.1300
3265,9958962,0.4000
3266,9958962,0.4000
3267,10216045,0.6000
3268,10294465,
3269,10388286,13.8000
3270,10600261,2.5000
3271,10600261,2.5000
3272,10600261,2.5000
3273,10656823,0.7000
3274,10656823,0.7000
3275,8046689,
3276,5096590,0.5000
3277,12352520,1.2000
3278,9650989,0.3000
3279,7455981,8.1000
3280,7582689,4.3400
3281,7582689,4.3400
3282,7582689,4.3400
3283,6063220,6.8000
3284,9959589,0.4000
3285,3230578,
3286,3231137,0.4200
3287,3342463,1.0000
3288,3353050,5.5000
3289,3446746,9.2000
3290,10620329,0.5300
3291,3656121,2.7000
3292,3656121,2.7000
3293,3733628,10.2000
3294,3831053,7.7000
3295,3847708,1.0000
3296,3849155,8.2000
3297,4852528,3.1000
3298,10187017,5.1000
3299,4951877,3.9000
3300,5282051,14.0000
3301,5340644,13.8000
3302,5461440,0.5000
3303,5689351,13.8000
3304,5689351,13.8000
3305,5689351,13.8000
3306,5689351,13.8000
3307,5903312,4.5000
3308,6462863,3.1300
3309,10676824,0.3000
3310,10718726,2.0000
3311,10973664,0.4000
3312,10973664,0.4000
3313,10973664,0.4000
3314,12459913,1.4200
3315,2441151,0.6000
3316,3970233,11.1000
3317,4832837,1.3000
3318,5124254,13.8000
3319,7107561,0.5000
3320,11508644,0.5000
3321,9605552,13.9000
3322,11237332,
3323,11518201,5.0000
3324,12168993,6.9000
3325,8895758,
3326,10031500,
3327,6071903,2.9000
3328,3756264,0.5000
3329,3858804,4.6000
3330,3942670,8.3000
3331,3942670,8.3000
3332,3964109,0.2000
3333,8554498,5.1000
3334,8669092,3.5700
3335,4159347,4.0000
3336,4165960,0.3000
3337,4252322,8.2000
3338,4376644,0.5000
3339,9946525,11.2000
3340,9946525,11.2000
3341,5689351,13.8000
3342,5780715,0.3000
3343,10187017,5.1000
3344,5812960,13.7000
3345,6266741,1.8000
3346,6266741,1.8000
3347,6381846,0.7000
3348,6381846,0.7000
3349,6381846,0.7000
3350,6422155,12.7000
3351,6422155,12.7000
3352,7368664,0.4000
3353,6462863,3.1300
3354,8374580,7.3000
3355,9714696,0.3000
3356,9846086,1.6000
3357,10353968,5.2000
3358,10384962,0.4000
3359,11773022,0.3000
3360,11773022,0.3000
3361,11773022,0.3000
3362,12251650,4.3000
3363,12417486,13.8000
3364,11572193,
3365,11285870,0.9000
3366,8581240,5.1000
3367,8581240,5.1000
3368,7022573,
3369,7676423,
3370,9288237,1.0000
3371,11714231,3.9000
3372,11720424,0.5000
3373,6289257,0.9300
3374,9946525,11.2000
3375,7289157,4.6000
3376,2695110,2.6000
3377,3217264,14.0000
3378,3544595,6.1000
3379,3217264,14.0000
3380,3217264,14.0000
3381,3342592,0.4000
3382,4247092,6.3000
3383,4949751,0.3000
3384,5003117,7.1000
3385,5035972,7.2000
3386,6422155,12.7000
3387,6422155,12.7000
3388,10187017,5.1000
3389,6451936,3.3000
3390,6451936,3.3000
3391,6838050,13.7000
3392,6937692,0.3000
3393,7602070,0.5000
3394,7812179,0.5000
3395,7840044,5.7000
3396,8015907,12.1000
3397,8017703,0.0000
3398,5695904,14.0000
3399,7918652,6.3000
3400,8847111,
3401,4568298,0.4000
3402,4374339,1.7100
3403,11802615,3.6000
3404,1725415,0.3000
3405,6636320,0.5000
3406,5520547,0.3000
3407,4848424,0.8000
3408,6523351,12.2000
3409,10861608,
3410,5551672,
3411,11499192,0.3000
3412,10934313,1.6000
3413,12416661,3.5100
3414,8197793,0.4000
3415,4076976,14.0000
3416,8751796,1.0300
3417,7097534,2.0000
3418,5218441,0.8000
3419,5351250,3.5000
3420,5351250,3.5000
3421,6850504,9.3000
3422,5351250,3.5000
3423,5351250,3.5000
3424,5444548,0.4000
3425,5449777,2.0000
3426,5478055,6.6000
3427,5683743,10.2000
3428,5791986,4.6000
3429,8017703,0.0000
3430,10187017,5.1000
3431,8017703,0.0000
3432,8022244,0.4000
3433,8022244,0.4000
3434,8037145,13.7000
3435,8037145,13.7000
3436,8037145,13.7000
3437,8162789,
3438,8265218,0.3000
3439,8806123,1.8000
3440,8509442,13.8000
3441,11304987,2.6000
3442,11244137,0.8000
3443,3848275,0.3000
3444,12021625,0.7000
3445,9777256,
3446,3742855,
3447,11905011,3.5300
3448,4175630,0.5000
3449,7433585,0.3000
3450,6289257,0.9300
3451,9907129,2.5900
3452,7609674,
3453,6964159,0.5000
3454,10252275,14.0000
3455,10252275,14.0000
3456,11455181,0.4000
3457,9541295,5.3000
3458,7516809,0.4000
3459,6115516,
3460,5791986,4.6000
3461,5872150,3.8000
3462,5872150,3.8000
3463,6850504,9.3000
3464,6289650,4.4000
3465,6508221,0.8000
3466,6508221,0.8000
3467,6879865,0.4000
3468,7975727,13.9000
3469,8219673,0.5000
3470,8352537,13.8000
3471,8806123,1.8000
3472,2571238,4.0000
3473,8934495,0.7000
3474,9119458,11.0000
3475,9157634,0.8000
3476,9636569,0.4000
3477,9941859,11.3000
3478,9941859,11.3000
3479,9941859,11.3000
3480,10068030,0.5000
3481,10266615,0.4000
3482,5702939,1.6000
3483,11709423,
3484,3852655,4.8000
3485,11255231,0.7000
3486,6103377,
3487,3747262,1.8600
3488,8758136,1.3000
3489,10190075,0.3000
3490,12785320,
3491,9070666,
3492,12405333,13.8000
3493,9899352,0.4000
3494,6291837,0.8200
3495,6945786,13.9000
3496,9758032,0.5000
3497,6444896,
3498,5640511,1.6200
3499,5978170,13.9000
3500,5440317,5.0000
3501,3752110,0.3900
3502,7336093,13.7000
3503,5688790,
3504,9115800,14.0000
3505,9214713,1.9900
3506,9478990,0.8000
3507,6850504,9.3000
3508,9597411,0.3000
3509,9967884,0.9000
3510,10016874,5.2000
3511,10189546,8.6000
3512,10189546,8.6000
3513,10189546,8.6000
3514,10418224,0.2700
3515,10395543,14.0000
3516,11853905,4.7000
3517,5866724,1.6500
3518,10454313,0.3000
3519,10513530,14.0000
3520,10513530,14.0000
3521,10554999,0.6000
3522,10554999,0.6000
3523,10873260,3.0000
3524,10965008,0.4000
3525,11073351,0.4000
3526,3642335,13.9000
3527,3328052,
3528,7109851,5.5000
3529,11565544,0.4000
3530,7347246,
3531,11403530,1.6000
3532,10617638,7.1000
3533,12072872,5.9000
3534,12785320,
3535,7906671,13.2000
3536,1717722,1.3000
3537,7024222,13.9000
3538,1717722,1.3000
3539,10908248,7.1000
3540,7534267,0.4000
3541,10611420,0.2300
3542,10196493,7.3000
3543,7024511,
3544,7050989,2.0000
3545,7050989,2.0000
3546,10905239,2.3000
3547,10616679,13.8000
3548,10717241,13.8000
3549,10717241,13.8000
3550,6850504,9.3000
3551,10843590,13.8000
3552,10843590,13.8000
3553,10858832,2.3000
3554,10937029,13.9000
3555,10937029,13.9000
3556,11656302,1.1000
3557,11709124,0.4000
3558,11090765,1.4000
3559,11246364,5.6000
3560,5866724,1.6500
3561,11521048,6.8000
3562,11656721,0.5000
3563,11669239,9.7000
3564,11669239,9.7000
3565,11823054,0.5000
3566,11823054,0.5000
3567,11913012,0.4000
3568,11972666,0.6000
3569,12058931,0.5000
3570,8709688,13.9000
3571,8241079,4.1800
3572,3348285,0.3000
3573,11618601,0.5000
3574,11618601,0.5000
3575,7732285,
3576,12833566,
3577,9716391,
3578,6929841,14.0000
3579,2692377,9.0000
3580,7419318,4.4000
3581,7419318,4.4000
3582,7603200,
3583,7603200,
3584,7603200,
3585,7700622,7.9000
3586,8008067,5.1000
3587,8008067,5.1000
3588,8008067,5.1000
3589,8121310,2.3000
3590,8554498,5.1000
3591,11709124,0.4000
3592,11805075,4.3000
3593,11824222,8.7000
3594,6850504,9.3000
3595,12302530,13.9000
3596,12302530,13.9000
3597,12470954,0.7000
3598,12470954,0.7000
3599,2438264,13.7000
3600,2438264,13.7000
3601,3340312,0.2400
3602,3745690,0.3000
3603,12058931,0.5000
3604,5866724,1.6500
3605,12116489,2.7000
3606,12600735,0.4000
3607,3437776,7.5000
3608,3437776,7.5000
3609,4165473,0.3000
3610,4270253,0.4000
3611,4270253,0.4000
3612,5122112,0.9000
3613,5303551,11.1000
3614,11137180,1.2000
3615,9838804,
3616,5903749,14.0000
3617,5903749,14.0000
3618,5524881,
3619,6949898,0.6000
3620,10585738,9.2000
3621,7186665,0.9000
3622,2973386,13.8000
3623,7837302,
3624,8156120,1.2300
3625,8684730,3.8600
3626,8700558,2.6100
3627,8753657,9.1000
3628,8753657,9.1000
3629,8948424,
3630,9139084,2.3000
3631,9641041,0.2700
3632,9724984,10.9000
3633,9880467,1.2300
3634,9527334,1.5000
3635,3745690,0.3000
3636,3745690,0.3000
3637,11904151,10.0000
3638,3833007,0.4000
3639,3847138,1.0000
3640,4384675,0.4000
3641,4633570,13.9000
3642,4633570,13.9000
3643,5021176,2.5000
3644,5640085,13.7000
3645,5640085,13.7000
3646,5443837,0.3000
3647,10593626,9.9000
3648,5709725,12.3000
3649,5709725,12.3000
3650,5738496,0.4000
3651,5774349,13.8000
3652,5978361,1.4000
3653,6422367,11.5000
3654,6501635,0.6000
3655,6665695,5.4000
3656,6681233,0.7000
3657,6388770,3.5400
3658,3438975,7.0000
3659,5217891,0.6000
3660,6593150,0.6000
3661,8051946,12.2000
3662,5445681,4.8000
3663,6357290,
3664,4072955,2.7000
3665,8695311,0.3000
3666,9834731,0.3000
3667,9880467,1.2300
3668,9881662,0.8800
3669,9881662,0.8800
3670,9895004,7.9000
3671,10031885,0.3000
3672,11361646,6.4000
3673,11361646,6.4000
3674,10285631,9.8000
3675,10290666,3.8000
3676,10337258,0.3600
3677,6056992,
3678,10318874,6.1000
3679,7040629,
3680,7040629,
3681,7115785,9.3000
3682,7115785,9.3000
3683,7115785,9.3000
3684,7124613,1.3500
3685,7277317,
3686,7385509,
3687,7447200,9.6000
3688,7447200,9.6000
3689,8711794,12.2000
3690,7466863,3.5600
3691,7509886,13.9000
3692,7509886,13.9000
3693,7515212,2.5000
3694,7515212,2.5000
3695,7529266,2.3500
3696,7598128,2.3300
3697,7619236,6.5000
3698,7630229,3.5000
3699,7730747,10.8000
3700,10489525,1.8400
3701,7764367,3.5800
3702,7906882,8.6000
3703,7976520,2.2000
3704,8161561,2.8600
3705,8361905,
3706,8409588,0.3000
3707,8480285,2.7500
3708,8480285,2.7500
3709,8557374,0.4000
3710,8557374,0.4000
3711,11250587,3.8000
3712,8738735,0.2300
3713,8738735,0.2300
3714,8802165,0.4000
3715,8805348,2.7400
3716,8869680,6.1000
3717,8878187,
3718,8891278,
3719,8908102,2.7700
3720,8962094,6.4000
3721,8962094,6.4000
3722,4914423,3.4000
3723,8962094,6.4000
3724,8962094,6.4000
3725,9002278,9.8000
3726,9002278,9.8000
3727,9002278,9.8000
3728,9053112,3.2700
3729,9162741,
3730,9266431,10.9000
3731,9300285,1.8900
3732,9426071,2.0800
3733,4914423,3.4000
3734,9458613,4.2400
3735,9458613,4.2400
3736,9458613,4.2400
3737,9458613,4.2400
3738,9458613,4.2400
3739,9530945,0.2800
3740,9530945,0.2800
3741,9578686,3.7000
3742,9590976,
3743,9590976,
3744,4752451,4.9000
3745,9590976,
3746,9597345,6.3000
3747,9597345,6.3000
3748,9597345,6.3000
3749,9640976,0.5000
3750,9640985,0.4400
3751,9702072,7.1000
3752,9834719,0.5000
3753,9846348,0.3000
3754,9873254,2.8000
3755,9450647,1.0500
3756,9873254,2.8000
3757,9884104,4.0000
3758,9884104,4.0000
3759,9884104,4.0000
3760,9950612,6.0000
3761,9950612,6.0000
3762,9950612,6.0000
3763,9950612,6.0000
3764,9963524,8.7000
3765,9963524,8.7000
3766,6678383,12.9000
3767,9963524,8.7000
3768,9963524,8.7000
3769,9964801,6.2000
3770,9965439,0.2500
3771,10002866,0.7000
3772,10002866,0.7000
3773,10002866,0.7000
3774,10005020,0.5000
3775,10068383,0.9000
3776,10157573,0.2500
3777,6678383,12.9000
3778,10191070,13.9000
3779,5780885,4.4300
3780,12068975,11.7000
3781,12068975,11.7000
3782,12068975,11.7000
3783,12068975,11.7000
3784,3541946,0.4000
3785,3541946,0.4000
3786,3541946,0.4000
3787,4449034,2.2100
3788,4478168,1.9000
3789,4478168,1.9000
3790,10221013,0.3000
3791,10225800,0.3000
3792,10227020,7.2000
3793,10227020,7.2000
3794,10227020,7.2000
3795,10227020,7.2000
3796,10259031,0.6000
3797,10265898,2.5000
3798,10265898,2.5000
3799,10264660,2.2700
3800,4563268,1.2800
3801,4563268,1.2800
3802,4644604,6.5000
3803,4656049,3.1000
3804,4659405,13.9000
3805,4742414,5.5000
3806,4827723,6.0000
3807,4841374,5.7000
3808,4861736,0.3000
3809,5020319,0.8900
3810,8505215,8.9000
3811,5090690,
3812,5098444,13.8000
3813,5113822,6.7000
3814,5113822,6.7000
3815,5120087,0.2400
3816,5121511,10.3000
3817,5131180,1.7000
3818,5181817,0.3000
3819,5309353,
3820,5356593,4.4000
3821,4055765,1.4700
3822,5374854,3.5200
3823,5374854,3.5200
3824,5384802,1.9000
3825,5531694,0.8900
3826,5596440,2.6800
3827,5613330,3.3900
3828,5786676,13.9000
3829,5796186,1.6000
3830,5796675,0.9000
3831,5893123,1.8800
3832,8456679,2.5000
3833,5941160,6.3000
3834,5941160,6.3000
3835,5966154,2.9000
3836,5966154,2.9000
3837,5966660,0.2200
3838,6020753,13.4000
3839,6020753,13.4000
3840,6062088,0.5000
3841,6062088,0.5000
3842,6062088,0.5000
3843,8456679,2.5000
3844,6125481,1.9500
3845,6267535,14.0000
3846,6347299,3.3000
3847,6347299,3.3000
3848,6365156,2.5000
3849,6425957,13.9000
3850,6425957,13.9000
3851,6442340,7.0000
3852,6442340,7.0000
3853,6442340,7.0000
3854,2444412,9.1000
3855,6685609,4.1000
3856,6685609,4.1000
3857,6685609,4.1000
3858,6707835,2.2000
3859,6752502,
3860,6805146,2.9400
3861,6960445,7.1000
3862,7033671,9.6000
3863,7040629,
3864,7040629,
3865,11553706,0.3000
